handle,listing_id,title,option1_name,option1_value,option2_name,option2_value,price,quantity,sku
asymmetrical-pebble-mirror-wabi-sabi-irregular-wall-decor,1736802254,Asymmetrical Pebble Mirror: Wabi Sabi Irregular Wall Decor,size option,"30x15""",led lighting,warm white 2700k,721.65,,
asymmetrical-pebble-mirror-wabi-sabi-irregular-wall-decor,1736802254,Asymmetrical Pebble Mirror: Wabi Sabi Irregular Wall Decor,size option,"30x15""",led lighting,natural white 4500k,721.65,,
asymmetrical-pebble-mirror-wabi-sabi-irregular-wall-decor,1736802254,Asymmetrical Pebble Mirror: Wabi Sabi Irregular Wall Decor,size option,"30x15""",led lighting,cold white 6000k,721.65,,
asymmetrical-pebble-mirror-wabi-sabi-irregular-wall-decor,1736802254,Asymmetrical Pebble Mirror: Wabi Sabi Irregular Wall Decor,size option,"30x15""",led lighting,no led backlight,679.15,,
asymmetrical-pebble-mirror-wabi-sabi-irregular-wall-decor,1736802254,Asymmetrical Pebble Mirror: Wabi Sabi Irregular Wall Decor,size option,"35x18""",led lighting,warm white 2700k,849.15,,
asymmetrical-pebble-mirror-wabi-sabi-irregular-wall-decor,1736802254,Asymmetrical Pebble Mirror: Wabi Sabi Irregular Wall Decor,size option,"35x18""",led lighting,natural white 4500k,849.15,,
asymmetrical-pebble-mirror-wabi-sabi-irregular-wall-decor,1736802254,Asymmetrical Pebble Mirror: Wabi Sabi Irregular Wall Decor,size option,"35x18""",led lighting,cold white 6000k,849.15,,
asymmetrical-pebble-mirror-wabi-sabi-irregular-wall-decor,1736802254,Asymmetrical Pebble Mirror: Wabi Sabi Irregular Wall Decor,size option,"35x18""",led lighting,no led backlight,806.65,,
asymmetrical-pebble-mirror-wabi-sabi-irregular-wall-decor,1736802254,Asymmetrical Pebble Mirror: Wabi Sabi Irregular Wall Decor,size option,"40×21""",led lighting,warm white 2700k,883.15,,
asymmetrical-pebble-mirror-wabi-sabi-irregular-wall-decor,1736802254,Asymmetrical Pebble Mirror: Wabi Sabi Irregular Wall Decor,size option,"40×21""",led lighting,natural white 4500k,883.15,,
asymmetrical-pebble-mirror-wabi-sabi-irregular-wall-decor,1736802254,Asymmetrical Pebble Mirror: Wabi Sabi Irregular Wall Decor,size option,"40×21""",led lighting,cold white 6000k,883.15,,
asymmetrical-pebble-mirror-wabi-sabi-irregular-wall-decor,1736802254,Asymmetrical Pebble Mirror: Wabi Sabi Irregular Wall Decor,size option,"40×21""",led lighting,no led backlight,849.15,,
asymmetrical-pebble-mirror-wabi-sabi-irregular-wall-decor,1736802254,Asymmetrical Pebble Mirror: Wabi Sabi Irregular Wall Decor,size option,"45x23""",led lighting,warm white 2700k,900.15,,
asymmetrical-pebble-mirror-wabi-sabi-irregular-wall-decor,1736802254,Asymmetrical Pebble Mirror: Wabi Sabi Irregular Wall Decor,size option,"45x23""",led lighting,natural white 4500k,900.15,,
asymmetrical-pebble-mirror-wabi-sabi-irregular-wall-decor,1736802254,Asymmetrical Pebble Mirror: Wabi Sabi Irregular Wall Decor,size option,"45x23""",led lighting,cold white 6000k,900.15,,
asymmetrical-pebble-mirror-wabi-sabi-irregular-wall-decor,1736802254,Asymmetrical Pebble Mirror: Wabi Sabi Irregular Wall Decor,size option,"45x23""",led lighting,no led backlight,866.15,,
asymmetrical-pebble-mirror-wabi-sabi-irregular-wall-decor,1736802254,Asymmetrical Pebble Mirror: Wabi Sabi Irregular Wall Decor,size option,"50x25""",led lighting,warm white 2700k,1010.65,,
asymmetrical-pebble-mirror-wabi-sabi-irregular-wall-decor,1736802254,Asymmetrical Pebble Mirror: Wabi Sabi Irregular Wall Decor,size option,"50x25""",led lighting,natural white 4500k,1010.65,,
asymmetrical-pebble-mirror-wabi-sabi-irregular-wall-decor,1736802254,Asymmetrical Pebble Mirror: Wabi Sabi Irregular Wall Decor,size option,"50x25""",led lighting,cold white 6000k,1010.65,,
asymmetrical-pebble-mirror-wabi-sabi-irregular-wall-decor,1736802254,Asymmetrical Pebble Mirror: Wabi Sabi Irregular Wall Decor,size option,"50x25""",led lighting,no led backlight,959.65,,
asymmetrical-pebble-mirror-wabi-sabi-irregular-wall-decor,1736802254,Asymmetrical Pebble Mirror: Wabi Sabi Irregular Wall Decor,size option,"55x28""",led lighting,warm white 2700k,1104.15,,
asymmetrical-pebble-mirror-wabi-sabi-irregular-wall-decor,1736802254,Asymmetrical Pebble Mirror: Wabi Sabi Irregular Wall Decor,size option,"55x28""",led lighting,natural white 4500k,1104.15,,
asymmetrical-pebble-mirror-wabi-sabi-irregular-wall-decor,1736802254,Asymmetrical Pebble Mirror: Wabi Sabi Irregular Wall Decor,size option,"55x28""",led lighting,cold white 6000k,1104.15,,
asymmetrical-pebble-mirror-wabi-sabi-irregular-wall-decor,1736802254,Asymmetrical Pebble Mirror: Wabi Sabi Irregular Wall Decor,size option,"55x28""",led lighting,no led backlight,1044.65,,
asymmetrical-pebble-mirror-wabi-sabi-irregular-wall-decor,1736802254,Asymmetrical Pebble Mirror: Wabi Sabi Irregular Wall Decor,size option,"60x30""",led lighting,warm white 2700k,1274.15,,
asymmetrical-pebble-mirror-wabi-sabi-irregular-wall-decor,1736802254,Asymmetrical Pebble Mirror: Wabi Sabi Irregular Wall Decor,size option,"60x30""",led lighting,natural white 4500k,1274.15,,
asymmetrical-pebble-mirror-wabi-sabi-irregular-wall-decor,1736802254,Asymmetrical Pebble Mirror: Wabi Sabi Irregular Wall Decor,size option,"60x30""",led lighting,cold white 6000k,1274.15,,
asymmetrical-pebble-mirror-wabi-sabi-irregular-wall-decor,1736802254,Asymmetrical Pebble Mirror: Wabi Sabi Irregular Wall Decor,size option,"60x30""",led lighting,no led backlight,1155.15,,
beige-limestone-bath-tray-chiseled-edge-meditation-shelf,1808816451,Beige Limestone Bath Tray - Chiseled Edge Meditation Shelf,Width,32 Inches,Depth,6 Inches,552.50,,
beige-limestone-bath-tray-chiseled-edge-meditation-shelf,1808816451,Beige Limestone Bath Tray - Chiseled Edge Meditation Shelf,Width,32 Inches,Depth,8 Inches,561.00,,
beige-limestone-bath-tray-chiseled-edge-meditation-shelf,1808816451,Beige Limestone Bath Tray - Chiseled Edge Meditation Shelf,Width,32 Inches,Depth,10 Inches,573.75,,
beige-limestone-bath-tray-chiseled-edge-meditation-shelf,1808816451,Beige Limestone Bath Tray - Chiseled Edge Meditation Shelf,Width,34 Inches,Depth,6 Inches,595.00,,
beige-limestone-bath-tray-chiseled-edge-meditation-shelf,1808816451,Beige Limestone Bath Tray - Chiseled Edge Meditation Shelf,Width,34 Inches,Depth,8 Inches,629.00,,
beige-limestone-bath-tray-chiseled-edge-meditation-shelf,1808816451,Beige Limestone Bath Tray - Chiseled Edge Meditation Shelf,Width,34 Inches,Depth,10 Inches,658.75,,
beige-limestone-bath-tray-chiseled-edge-meditation-shelf,1808816451,Beige Limestone Bath Tray - Chiseled Edge Meditation Shelf,Width,24 Inches,Depth,6 Inches,382.50,,
beige-limestone-bath-tray-chiseled-edge-meditation-shelf,1808816451,Beige Limestone Bath Tray - Chiseled Edge Meditation Shelf,Width,24 Inches,Depth,8 Inches,408.00,,
beige-limestone-bath-tray-chiseled-edge-meditation-shelf,1808816451,Beige Limestone Bath Tray - Chiseled Edge Meditation Shelf,Width,24 Inches,Depth,10 Inches,425.00,,
beige-limestone-bath-tray-chiseled-edge-meditation-shelf,1808816451,Beige Limestone Bath Tray - Chiseled Edge Meditation Shelf,Width,26 Inches,Depth,6 Inches,399.50,,
beige-limestone-bath-tray-chiseled-edge-meditation-shelf,1808816451,Beige Limestone Bath Tray - Chiseled Edge Meditation Shelf,Width,26 Inches,Depth,8 Inches,425.00,,
beige-limestone-bath-tray-chiseled-edge-meditation-shelf,1808816451,Beige Limestone Bath Tray - Chiseled Edge Meditation Shelf,Width,26 Inches,Depth,10 Inches,450.50,,
beige-limestone-bath-tray-chiseled-edge-meditation-shelf,1808816451,Beige Limestone Bath Tray - Chiseled Edge Meditation Shelf,Width,28 Inches,Depth,6 Inches,450.50,,
beige-limestone-bath-tray-chiseled-edge-meditation-shelf,1808816451,Beige Limestone Bath Tray - Chiseled Edge Meditation Shelf,Width,28 Inches,Depth,8 Inches,467.50,,
beige-limestone-bath-tray-chiseled-edge-meditation-shelf,1808816451,Beige Limestone Bath Tray - Chiseled Edge Meditation Shelf,Width,28 Inches,Depth,10 Inches,510.00,,
beige-limestone-bath-tray-chiseled-edge-meditation-shelf,1808816451,Beige Limestone Bath Tray - Chiseled Edge Meditation Shelf,Width,30 Inches,Depth,6 Inches,510.00,,
beige-limestone-bath-tray-chiseled-edge-meditation-shelf,1808816451,Beige Limestone Bath Tray - Chiseled Edge Meditation Shelf,Width,30 Inches,Depth,8 Inches,535.50,,
beige-limestone-bath-tray-chiseled-edge-meditation-shelf,1808816451,Beige Limestone Bath Tray - Chiseled Edge Meditation Shelf,Width,30 Inches,Depth,10 Inches,552.50,,
beige-travertine-candlestick-holder-elegant-stone-decor,1870085034,Beige Travertine Candlestick Holder: Elegant Stone Decor,size,2 inch,,,25.50,,
beige-travertine-candlestick-holder-elegant-stone-decor,1870085034,Beige Travertine Candlestick Holder: Elegant Stone Decor,size,3 inch,,,29.75,,
beige-travertine-candlestick-holder-elegant-stone-decor,1870085034,Beige Travertine Candlestick Holder: Elegant Stone Decor,size,4 inch,,,34.00,,
beige-travertine-candlestick-holder-elegant-stone-decor,1870085034,Beige Travertine Candlestick Holder: Elegant Stone Decor,size,5 inch,,,38.25,,
beige-travertine-candlestick-holder-elegant-stone-decor,1870085034,Beige Travertine Candlestick Holder: Elegant Stone Decor,size,6 inch,,,42.50,,
beige-travertine-candlestick-holder-elegant-stone-decor,1870085034,Beige Travertine Candlestick Holder: Elegant Stone Decor,size,Set of 3,,,84.15,,
beige-travertine-candlestick-holder-elegant-stone-decor,1870085034,Beige Travertine Candlestick Holder: Elegant Stone Decor,size,Set of 5,,,123.25,,
black-white-marble-monolith-fountain-with-rough-face-water-element-fea,1872361215,Black & White Marble monolith fountain with rough face - Water Element Feature - GIFT,Height,16 Inches,,,466.65,,
black-white-marble-monolith-fountain-with-rough-face-water-element-fea,1872361215,Black & White Marble monolith fountain with rough face - Water Element Feature - GIFT,Height,18 Inches,,,509.15,,
black-white-marble-monolith-fountain-with-rough-face-water-element-fea,1872361215,Black & White Marble monolith fountain with rough face - Water Element Feature - GIFT,Height,20 Inches,,,551.65,,
black-white-marble-monolith-fountain-with-rough-face-water-element-fea,1872361215,Black & White Marble monolith fountain with rough face - Water Element Feature - GIFT,Height,22 Inches,,,594.15,,
black-white-marble-monolith-fountain-with-rough-face-water-element-fea,1872361215,Black & White Marble monolith fountain with rough face - Water Element Feature - GIFT,Height,24 Inches,,,636.65,,
black-white-marble-monolith-fountain-with-rough-face-water-element-fea,1872361215,Black & White Marble monolith fountain with rough face - Water Element Feature - GIFT,Height,26 Inches,,,679.15,,
black-white-marble-monolith-fountain-with-rough-face-water-element-fea,1872361215,Black & White Marble monolith fountain with rough face - Water Element Feature - GIFT,Height,28 Inches,,,721.65,,
black-white-marble-monolith-fountain-with-rough-face-water-element-fea,1872361215,Black & White Marble monolith fountain with rough face - Water Element Feature - GIFT,Height,30 Inches,,,764.15,,
black-white-marble-monolith-fountain-with-rough-face-water-element-fea,1872361215,Black & White Marble monolith fountain with rough face - Water Element Feature - GIFT,Height,32 Inches,,,806.65,,
black-white-marble-monolith-fountain-with-rough-face-water-element-fea,1872361215,Black & White Marble monolith fountain with rough face - Water Element Feature - GIFT,Height,34 Inches,,,849.15,,
black-and-white-marble-pedestal-column-plinth-solid-stone-block,1852607553,Black and white Marble pedestal column - Plinth - Solid Stone Block,Height,30 Inches,,,594.15,,
black-and-white-marble-pedestal-column-plinth-solid-stone-block,1852607553,Black and white Marble pedestal column - Plinth - Solid Stone Block,Height,32 Inches,,,637.50,,
black-and-white-marble-pedestal-column-plinth-solid-stone-block,1852607553,Black and white Marble pedestal column - Plinth - Solid Stone Block,Height,34 Inches,,,679.15,,
black-and-white-marble-pedestal-column-plinth-solid-stone-block,1852607553,Black and white Marble pedestal column - Plinth - Solid Stone Block,Height,36 Inches,,,722.50,,
black-and-white-marble-pedestal-column-plinth-solid-stone-block,1852607553,Black and white Marble pedestal column - Plinth - Solid Stone Block,Height,38 Inches,,,807.50,,
black-and-white-marble-pedestal-column-plinth-solid-stone-block,1852607553,Black and white Marble pedestal column - Plinth - Solid Stone Block,Height,26 Inches,,,509.15,,
black-and-white-marble-pedestal-column-plinth-solid-stone-block,1852607553,Black and white Marble pedestal column - Plinth - Solid Stone Block,Height,27 Inches,,,544.00,,
black-and-white-marble-pedestal-column-plinth-solid-stone-block,1852607553,Black and white Marble pedestal column - Plinth - Solid Stone Block,Height,28 Inches,,,552.50,,
black-and-white-marble-pedestal-column-plinth-solid-stone-block,1852607553,Black and white Marble pedestal column - Plinth - Solid Stone Block,Height,20 Inches,,,348.50,,
black-and-white-marble-pedestal-column-plinth-solid-stone-block,1852607553,Black and white Marble pedestal column - Plinth - Solid Stone Block,Height,16 Inches,,,382.50,,
black-and-white-marble-pedestal-column-plinth-solid-stone-block,1852607553,Black and white Marble pedestal column - Plinth - Solid Stone Block,Height,18 Inches,,,403.75,,
black-and-white-marble-pedestal-column-plinth-solid-stone-block,1852607553,Black and white Marble pedestal column - Plinth - Solid Stone Block,Height,22 Inches,,,424.15,,
black-and-white-marble-pedestal-column-plinth-solid-stone-block,1852607553,Black and white Marble pedestal column - Plinth - Solid Stone Block,Height,24 Inches,,,467.50,,
carved-pedestal-column-shou-sugi-ban-wood-plinth-monolith-sculpture-st,4497269117,Carved Pedestal Column - Shou sugi ban Wood Plinth - Monolith - Sculpture Stand - Gift,Finish,Clear wood,Sizing inches,6x6x20,466.65,,
carved-pedestal-column-shou-sugi-ban-wood-plinth-monolith-sculpture-st,4497269117,Carved Pedestal Column - Shou sugi ban Wood Plinth - Monolith - Sculpture Stand - Gift,Finish,Clear wood,Sizing inches,6x6x24,509.15,,
carved-pedestal-column-shou-sugi-ban-wood-plinth-monolith-sculpture-st,4497269117,Carved Pedestal Column - Shou sugi ban Wood Plinth - Monolith - Sculpture Stand - Gift,Finish,Clear wood,Sizing inches,6x6x28,551.65,,
carved-pedestal-column-shou-sugi-ban-wood-plinth-monolith-sculpture-st,4497269117,Carved Pedestal Column - Shou sugi ban Wood Plinth - Monolith - Sculpture Stand - Gift,Finish,Clear wood,Sizing inches,6x6x30,594.15,,
carved-pedestal-column-shou-sugi-ban-wood-plinth-monolith-sculpture-st,4497269117,Carved Pedestal Column - Shou sugi ban Wood Plinth - Monolith - Sculpture Stand - Gift,Finish,Clear wood,Sizing inches,6x6x36,636.65,,
carved-pedestal-column-shou-sugi-ban-wood-plinth-monolith-sculpture-st,4497269117,Carved Pedestal Column - Shou sugi ban Wood Plinth - Monolith - Sculpture Stand - Gift,Finish,Clear wood,Sizing inches,8x8x20,636.65,,
carved-pedestal-column-shou-sugi-ban-wood-plinth-monolith-sculpture-st,4497269117,Carved Pedestal Column - Shou sugi ban Wood Plinth - Monolith - Sculpture Stand - Gift,Finish,Clear wood,Sizing inches,8x8x24,721.65,,
carved-pedestal-column-shou-sugi-ban-wood-plinth-monolith-sculpture-st,4497269117,Carved Pedestal Column - Shou sugi ban Wood Plinth - Monolith - Sculpture Stand - Gift,Finish,Clear wood,Sizing inches,8x8x28,662.15,,
carved-pedestal-column-shou-sugi-ban-wood-plinth-monolith-sculpture-st,4497269117,Carved Pedestal Column - Shou sugi ban Wood Plinth - Monolith - Sculpture Stand - Gift,Finish,Clear wood,Sizing inches,8x8x30,679.15,,
carved-pedestal-column-shou-sugi-ban-wood-plinth-monolith-sculpture-st,4497269117,Carved Pedestal Column - Shou sugi ban Wood Plinth - Monolith - Sculpture Stand - Gift,Finish,Clear wood,Sizing inches,8x8x32,721.65,,
carved-pedestal-column-shou-sugi-ban-wood-plinth-monolith-sculpture-st,4497269117,Carved Pedestal Column - Shou sugi ban Wood Plinth - Monolith - Sculpture Stand - Gift,Finish,Clear wood,Sizing inches,8x8x36,764.15,,
carved-pedestal-column-shou-sugi-ban-wood-plinth-monolith-sculpture-st,4497269117,Carved Pedestal Column - Shou sugi ban Wood Plinth - Monolith - Sculpture Stand - Gift,Finish,Clear wood,Sizing inches,8x8x40,849.15,,
carved-pedestal-column-shou-sugi-ban-wood-plinth-monolith-sculpture-st,4497269117,Carved Pedestal Column - Shou sugi ban Wood Plinth - Monolith - Sculpture Stand - Gift,Finish,Clear wood,Sizing inches,10x10x20,679.15,,
carved-pedestal-column-shou-sugi-ban-wood-plinth-monolith-sculpture-st,4497269117,Carved Pedestal Column - Shou sugi ban Wood Plinth - Monolith - Sculpture Stand - Gift,Finish,Clear wood,Sizing inches,10x10x24,721.65,,
carved-pedestal-column-shou-sugi-ban-wood-plinth-monolith-sculpture-st,4497269117,Carved Pedestal Column - Shou sugi ban Wood Plinth - Monolith - Sculpture Stand - Gift,Finish,Clear wood,Sizing inches,10x10x28,764.15,,
carved-pedestal-column-shou-sugi-ban-wood-plinth-monolith-sculpture-st,4497269117,Carved Pedestal Column - Shou sugi ban Wood Plinth - Monolith - Sculpture Stand - Gift,Finish,Clear wood,Sizing inches,10x10x30,849.15,,
carved-pedestal-column-shou-sugi-ban-wood-plinth-monolith-sculpture-st,4497269117,Carved Pedestal Column - Shou sugi ban Wood Plinth - Monolith - Sculpture Stand - Gift,Finish,Clear wood,Sizing inches,10x10x32,891.65,,
carved-pedestal-column-shou-sugi-ban-wood-plinth-monolith-sculpture-st,4497269117,Carved Pedestal Column - Shou sugi ban Wood Plinth - Monolith - Sculpture Stand - Gift,Finish,Clear wood,Sizing inches,10x10x36,934.15,,
carved-pedestal-column-shou-sugi-ban-wood-plinth-monolith-sculpture-st,4497269117,Carved Pedestal Column - Shou sugi ban Wood Plinth - Monolith - Sculpture Stand - Gift,Finish,Clear wood,Sizing inches,10x10x40,976.65,,
carved-pedestal-column-shou-sugi-ban-wood-plinth-monolith-sculpture-st,4497269117,Carved Pedestal Column - Shou sugi ban Wood Plinth - Monolith - Sculpture Stand - Gift,Finish,Clear wood,Sizing inches,10x10x42,1019.15,,
carved-pedestal-column-shou-sugi-ban-wood-plinth-monolith-sculpture-st,4497269117,Carved Pedestal Column - Shou sugi ban Wood Plinth - Monolith - Sculpture Stand - Gift,Finish,Clear wood,Sizing inches,12x12x24,849.15,,
carved-pedestal-column-shou-sugi-ban-wood-plinth-monolith-sculpture-st,4497269117,Carved Pedestal Column - Shou sugi ban Wood Plinth - Monolith - Sculpture Stand - Gift,Finish,Clear wood,Sizing inches,12x12x26,806.65,,
carved-pedestal-column-shou-sugi-ban-wood-plinth-monolith-sculpture-st,4497269117,Carved Pedestal Column - Shou sugi ban Wood Plinth - Monolith - Sculpture Stand - Gift,Finish,Clear wood,Sizing inches,12x12x28,891.65,,
carved-pedestal-column-shou-sugi-ban-wood-plinth-monolith-sculpture-st,4497269117,Carved Pedestal Column - Shou sugi ban Wood Plinth - Monolith - Sculpture Stand - Gift,Finish,Clear wood,Sizing inches,12x12x30,934.15,,
carved-pedestal-column-shou-sugi-ban-wood-plinth-monolith-sculpture-st,4497269117,Carved Pedestal Column - Shou sugi ban Wood Plinth - Monolith - Sculpture Stand - Gift,Finish,Clear wood,Sizing inches,12x12x32,976.65,,
carved-pedestal-column-shou-sugi-ban-wood-plinth-monolith-sculpture-st,4497269117,Carved Pedestal Column - Shou sugi ban Wood Plinth - Monolith - Sculpture Stand - Gift,Finish,Clear wood,Sizing inches,12x12x34,934.15,,
carved-pedestal-column-shou-sugi-ban-wood-plinth-monolith-sculpture-st,4497269117,Carved Pedestal Column - Shou sugi ban Wood Plinth - Monolith - Sculpture Stand - Gift,Finish,Clear wood,Sizing inches,12x12x36,976.65,,
carved-pedestal-column-shou-sugi-ban-wood-plinth-monolith-sculpture-st,4497269117,Carved Pedestal Column - Shou sugi ban Wood Plinth - Monolith - Sculpture Stand - Gift,Finish,Clear wood,Sizing inches,12x12x38,1019.15,,
carved-pedestal-column-shou-sugi-ban-wood-plinth-monolith-sculpture-st,4497269117,Carved Pedestal Column - Shou sugi ban Wood Plinth - Monolith - Sculpture Stand - Gift,Finish,Clear wood,Sizing inches,12x12x40,1104.15,,
carved-pedestal-column-shou-sugi-ban-wood-plinth-monolith-sculpture-st,4497269117,Carved Pedestal Column - Shou sugi ban Wood Plinth - Monolith - Sculpture Stand - Gift,Finish,Clear wood,Sizing inches,12x12x42,1189.15,,
carved-pedestal-column-shou-sugi-ban-wood-plinth-monolith-sculpture-st,4497269117,Carved Pedestal Column - Shou sugi ban Wood Plinth - Monolith - Sculpture Stand - Gift,Finish,Charred wood,Sizing inches,6x6x20,466.65,,
carved-pedestal-column-shou-sugi-ban-wood-plinth-monolith-sculpture-st,4497269117,Carved Pedestal Column - Shou sugi ban Wood Plinth - Monolith - Sculpture Stand - Gift,Finish,Charred wood,Sizing inches,6x6x24,509.15,,
carved-pedestal-column-shou-sugi-ban-wood-plinth-monolith-sculpture-st,4497269117,Carved Pedestal Column - Shou sugi ban Wood Plinth - Monolith - Sculpture Stand - Gift,Finish,Charred wood,Sizing inches,6x6x28,551.65,,
carved-pedestal-column-shou-sugi-ban-wood-plinth-monolith-sculpture-st,4497269117,Carved Pedestal Column - Shou sugi ban Wood Plinth - Monolith - Sculpture Stand - Gift,Finish,Charred wood,Sizing inches,6x6x30,594.15,,
carved-pedestal-column-shou-sugi-ban-wood-plinth-monolith-sculpture-st,4497269117,Carved Pedestal Column - Shou sugi ban Wood Plinth - Monolith - Sculpture Stand - Gift,Finish,Charred wood,Sizing inches,6x6x36,636.65,,
carved-pedestal-column-shou-sugi-ban-wood-plinth-monolith-sculpture-st,4497269117,Carved Pedestal Column - Shou sugi ban Wood Plinth - Monolith - Sculpture Stand - Gift,Finish,Charred wood,Sizing inches,8x8x20,636.65,,
carved-pedestal-column-shou-sugi-ban-wood-plinth-monolith-sculpture-st,4497269117,Carved Pedestal Column - Shou sugi ban Wood Plinth - Monolith - Sculpture Stand - Gift,Finish,Charred wood,Sizing inches,8x8x24,721.65,,
carved-pedestal-column-shou-sugi-ban-wood-plinth-monolith-sculpture-st,4497269117,Carved Pedestal Column - Shou sugi ban Wood Plinth - Monolith - Sculpture Stand - Gift,Finish,Charred wood,Sizing inches,8x8x28,662.15,,
carved-pedestal-column-shou-sugi-ban-wood-plinth-monolith-sculpture-st,4497269117,Carved Pedestal Column - Shou sugi ban Wood Plinth - Monolith - Sculpture Stand - Gift,Finish,Charred wood,Sizing inches,8x8x30,679.15,,
carved-pedestal-column-shou-sugi-ban-wood-plinth-monolith-sculpture-st,4497269117,Carved Pedestal Column - Shou sugi ban Wood Plinth - Monolith - Sculpture Stand - Gift,Finish,Charred wood,Sizing inches,8x8x32,721.65,,
carved-pedestal-column-shou-sugi-ban-wood-plinth-monolith-sculpture-st,4497269117,Carved Pedestal Column - Shou sugi ban Wood Plinth - Monolith - Sculpture Stand - Gift,Finish,Charred wood,Sizing inches,8x8x36,764.15,,
carved-pedestal-column-shou-sugi-ban-wood-plinth-monolith-sculpture-st,4497269117,Carved Pedestal Column - Shou sugi ban Wood Plinth - Monolith - Sculpture Stand - Gift,Finish,Charred wood,Sizing inches,8x8x40,849.15,,
carved-pedestal-column-shou-sugi-ban-wood-plinth-monolith-sculpture-st,4497269117,Carved Pedestal Column - Shou sugi ban Wood Plinth - Monolith - Sculpture Stand - Gift,Finish,Charred wood,Sizing inches,10x10x20,679.15,,
carved-pedestal-column-shou-sugi-ban-wood-plinth-monolith-sculpture-st,4497269117,Carved Pedestal Column - Shou sugi ban Wood Plinth - Monolith - Sculpture Stand - Gift,Finish,Charred wood,Sizing inches,10x10x24,721.65,,
carved-pedestal-column-shou-sugi-ban-wood-plinth-monolith-sculpture-st,4497269117,Carved Pedestal Column - Shou sugi ban Wood Plinth - Monolith - Sculpture Stand - Gift,Finish,Charred wood,Sizing inches,10x10x28,764.15,,
carved-pedestal-column-shou-sugi-ban-wood-plinth-monolith-sculpture-st,4497269117,Carved Pedestal Column - Shou sugi ban Wood Plinth - Monolith - Sculpture Stand - Gift,Finish,Charred wood,Sizing inches,10x10x30,849.15,,
carved-pedestal-column-shou-sugi-ban-wood-plinth-monolith-sculpture-st,4497269117,Carved Pedestal Column - Shou sugi ban Wood Plinth - Monolith - Sculpture Stand - Gift,Finish,Charred wood,Sizing inches,10x10x32,891.65,,
carved-pedestal-column-shou-sugi-ban-wood-plinth-monolith-sculpture-st,4497269117,Carved Pedestal Column - Shou sugi ban Wood Plinth - Monolith - Sculpture Stand - Gift,Finish,Charred wood,Sizing inches,10x10x36,934.15,,
carved-pedestal-column-shou-sugi-ban-wood-plinth-monolith-sculpture-st,4497269117,Carved Pedestal Column - Shou sugi ban Wood Plinth - Monolith - Sculpture Stand - Gift,Finish,Charred wood,Sizing inches,10x10x40,976.65,,
carved-pedestal-column-shou-sugi-ban-wood-plinth-monolith-sculpture-st,4497269117,Carved Pedestal Column - Shou sugi ban Wood Plinth - Monolith - Sculpture Stand - Gift,Finish,Charred wood,Sizing inches,10x10x42,1019.15,,
carved-pedestal-column-shou-sugi-ban-wood-plinth-monolith-sculpture-st,4497269117,Carved Pedestal Column - Shou sugi ban Wood Plinth - Monolith - Sculpture Stand - Gift,Finish,Charred wood,Sizing inches,12x12x24,849.15,,
carved-pedestal-column-shou-sugi-ban-wood-plinth-monolith-sculpture-st,4497269117,Carved Pedestal Column - Shou sugi ban Wood Plinth - Monolith - Sculpture Stand - Gift,Finish,Charred wood,Sizing inches,12x12x26,806.65,,
carved-pedestal-column-shou-sugi-ban-wood-plinth-monolith-sculpture-st,4497269117,Carved Pedestal Column - Shou sugi ban Wood Plinth - Monolith - Sculpture Stand - Gift,Finish,Charred wood,Sizing inches,12x12x28,891.65,,
carved-pedestal-column-shou-sugi-ban-wood-plinth-monolith-sculpture-st,4497269117,Carved Pedestal Column - Shou sugi ban Wood Plinth - Monolith - Sculpture Stand - Gift,Finish,Charred wood,Sizing inches,12x12x30,934.15,,
carved-pedestal-column-shou-sugi-ban-wood-plinth-monolith-sculpture-st,4497269117,Carved Pedestal Column - Shou sugi ban Wood Plinth - Monolith - Sculpture Stand - Gift,Finish,Charred wood,Sizing inches,12x12x32,976.65,,
carved-pedestal-column-shou-sugi-ban-wood-plinth-monolith-sculpture-st,4497269117,Carved Pedestal Column - Shou sugi ban Wood Plinth - Monolith - Sculpture Stand - Gift,Finish,Charred wood,Sizing inches,12x12x34,934.15,,
carved-pedestal-column-shou-sugi-ban-wood-plinth-monolith-sculpture-st,4497269117,Carved Pedestal Column - Shou sugi ban Wood Plinth - Monolith - Sculpture Stand - Gift,Finish,Charred wood,Sizing inches,12x12x36,976.65,,
carved-pedestal-column-shou-sugi-ban-wood-plinth-monolith-sculpture-st,4497269117,Carved Pedestal Column - Shou sugi ban Wood Plinth - Monolith - Sculpture Stand - Gift,Finish,Charred wood,Sizing inches,12x12x38,1019.15,,
carved-pedestal-column-shou-sugi-ban-wood-plinth-monolith-sculpture-st,4497269117,Carved Pedestal Column - Shou sugi ban Wood Plinth - Monolith - Sculpture Stand - Gift,Finish,Charred wood,Sizing inches,12x12x40,1104.15,,
carved-pedestal-column-shou-sugi-ban-wood-plinth-monolith-sculpture-st,4497269117,Carved Pedestal Column - Shou sugi ban Wood Plinth - Monolith - Sculpture Stand - Gift,Finish,Charred wood,Sizing inches,12x12x42,1189.15,,
charcoal-pedestal-column-shou-sugi-ban-wood-plinth-monolith-sculpture-,1883425294,Charcoal Pedestal Column - Shou sugi ban Wood Plinth - Monolith - Sculpture Stand - Gift,Height,22 Inches,Width,6x6,407.15,,
charcoal-pedestal-column-shou-sugi-ban-wood-plinth-monolith-sculpture-,1883425294,Charcoal Pedestal Column - Shou sugi ban Wood Plinth - Monolith - Sculpture Stand - Gift,Height,22 Inches,Width,8x8,551.65,,
charcoal-pedestal-column-shou-sugi-ban-wood-plinth-monolith-sculpture-,1883425294,Charcoal Pedestal Column - Shou sugi ban Wood Plinth - Monolith - Sculpture Stand - Gift,Height,22 Inches,Width,10x10,636.65,,
charcoal-pedestal-column-shou-sugi-ban-wood-plinth-monolith-sculpture-,1883425294,Charcoal Pedestal Column - Shou sugi ban Wood Plinth - Monolith - Sculpture Stand - Gift,Height,22 Inches,Width,12x12,721.65,,
charcoal-pedestal-column-shou-sugi-ban-wood-plinth-monolith-sculpture-,1883425294,Charcoal Pedestal Column - Shou sugi ban Wood Plinth - Monolith - Sculpture Stand - Gift,Height,24 Inches,Width,6x6,415.65,,
charcoal-pedestal-column-shou-sugi-ban-wood-plinth-monolith-sculpture-,1883425294,Charcoal Pedestal Column - Shou sugi ban Wood Plinth - Monolith - Sculpture Stand - Gift,Height,24 Inches,Width,8x8,594.15,,
charcoal-pedestal-column-shou-sugi-ban-wood-plinth-monolith-sculpture-,1883425294,Charcoal Pedestal Column - Shou sugi ban Wood Plinth - Monolith - Sculpture Stand - Gift,Height,24 Inches,Width,10x10,679.15,,
charcoal-pedestal-column-shou-sugi-ban-wood-plinth-monolith-sculpture-,1883425294,Charcoal Pedestal Column - Shou sugi ban Wood Plinth - Monolith - Sculpture Stand - Gift,Height,24 Inches,Width,12x12,764.15,,
charcoal-pedestal-column-shou-sugi-ban-wood-plinth-monolith-sculpture-,1883425294,Charcoal Pedestal Column - Shou sugi ban Wood Plinth - Monolith - Sculpture Stand - Gift,Height,26 Inches,Width,6x6,424.15,,
charcoal-pedestal-column-shou-sugi-ban-wood-plinth-monolith-sculpture-,1883425294,Charcoal Pedestal Column - Shou sugi ban Wood Plinth - Monolith - Sculpture Stand - Gift,Height,26 Inches,Width,8x8,679.15,,
charcoal-pedestal-column-shou-sugi-ban-wood-plinth-monolith-sculpture-,1883425294,Charcoal Pedestal Column - Shou sugi ban Wood Plinth - Monolith - Sculpture Stand - Gift,Height,26 Inches,Width,10x10,764.15,,
charcoal-pedestal-column-shou-sugi-ban-wood-plinth-monolith-sculpture-,1883425294,Charcoal Pedestal Column - Shou sugi ban Wood Plinth - Monolith - Sculpture Stand - Gift,Height,26 Inches,Width,12x12,806.65,,
charcoal-pedestal-column-shou-sugi-ban-wood-plinth-monolith-sculpture-,1883425294,Charcoal Pedestal Column - Shou sugi ban Wood Plinth - Monolith - Sculpture Stand - Gift,Height,28 Inches,Width,6x6,449.65,,
charcoal-pedestal-column-shou-sugi-ban-wood-plinth-monolith-sculpture-,1883425294,Charcoal Pedestal Column - Shou sugi ban Wood Plinth - Monolith - Sculpture Stand - Gift,Height,28 Inches,Width,8x8,764.15,,
charcoal-pedestal-column-shou-sugi-ban-wood-plinth-monolith-sculpture-,1883425294,Charcoal Pedestal Column - Shou sugi ban Wood Plinth - Monolith - Sculpture Stand - Gift,Height,28 Inches,Width,10x10,849.15,,
charcoal-pedestal-column-shou-sugi-ban-wood-plinth-monolith-sculpture-,1883425294,Charcoal Pedestal Column - Shou sugi ban Wood Plinth - Monolith - Sculpture Stand - Gift,Height,28 Inches,Width,12x12,934.15,,
charcoal-pedestal-column-shou-sugi-ban-wood-plinth-monolith-sculpture-,1883425294,Charcoal Pedestal Column - Shou sugi ban Wood Plinth - Monolith - Sculpture Stand - Gift,Height,30 Inches,Width,6x6,475.15,,
charcoal-pedestal-column-shou-sugi-ban-wood-plinth-monolith-sculpture-,1883425294,Charcoal Pedestal Column - Shou sugi ban Wood Plinth - Monolith - Sculpture Stand - Gift,Height,30 Inches,Width,8x8,849.15,,
charcoal-pedestal-column-shou-sugi-ban-wood-plinth-monolith-sculpture-,1883425294,Charcoal Pedestal Column - Shou sugi ban Wood Plinth - Monolith - Sculpture Stand - Gift,Height,30 Inches,Width,10x10,849.15,,
charcoal-pedestal-column-shou-sugi-ban-wood-plinth-monolith-sculpture-,1883425294,Charcoal Pedestal Column - Shou sugi ban Wood Plinth - Monolith - Sculpture Stand - Gift,Height,30 Inches,Width,12x12,1019.15,,
charcoal-pedestal-column-shou-sugi-ban-wood-plinth-monolith-sculpture-,1883425294,Charcoal Pedestal Column - Shou sugi ban Wood Plinth - Monolith - Sculpture Stand - Gift,Height,32 Inches,Width,6x6,492.15,,
charcoal-pedestal-column-shou-sugi-ban-wood-plinth-monolith-sculpture-,1883425294,Charcoal Pedestal Column - Shou sugi ban Wood Plinth - Monolith - Sculpture Stand - Gift,Height,32 Inches,Width,8x8,934.15,,
charcoal-pedestal-column-shou-sugi-ban-wood-plinth-monolith-sculpture-,1883425294,Charcoal Pedestal Column - Shou sugi ban Wood Plinth - Monolith - Sculpture Stand - Gift,Height,32 Inches,Width,10x10,1019.15,,
charcoal-pedestal-column-shou-sugi-ban-wood-plinth-monolith-sculpture-,1883425294,Charcoal Pedestal Column - Shou sugi ban Wood Plinth - Monolith - Sculpture Stand - Gift,Height,32 Inches,Width,12x12,1104.15,,
charcoal-pedestal-column-shou-sugi-ban-wood-plinth-monolith-sculpture-,1883425294,Charcoal Pedestal Column - Shou sugi ban Wood Plinth - Monolith - Sculpture Stand - Gift,Height,34 Inches,Width,6x6,500.65,,
charcoal-pedestal-column-shou-sugi-ban-wood-plinth-monolith-sculpture-,1883425294,Charcoal Pedestal Column - Shou sugi ban Wood Plinth - Monolith - Sculpture Stand - Gift,Height,34 Inches,Width,8x8,934.15,,
charcoal-pedestal-column-shou-sugi-ban-wood-plinth-monolith-sculpture-,1883425294,Charcoal Pedestal Column - Shou sugi ban Wood Plinth - Monolith - Sculpture Stand - Gift,Height,34 Inches,Width,10x10,1019.15,,
charcoal-pedestal-column-shou-sugi-ban-wood-plinth-monolith-sculpture-,1883425294,Charcoal Pedestal Column - Shou sugi ban Wood Plinth - Monolith - Sculpture Stand - Gift,Height,34 Inches,Width,12x12,1104.15,,
charcoal-pedestal-column-shou-sugi-ban-wood-plinth-monolith-sculpture-,1883425294,Charcoal Pedestal Column - Shou sugi ban Wood Plinth - Monolith - Sculpture Stand - Gift,Height,36 Inches,Width,6x6,509.15,,
charcoal-pedestal-column-shou-sugi-ban-wood-plinth-monolith-sculpture-,1883425294,Charcoal Pedestal Column - Shou sugi ban Wood Plinth - Monolith - Sculpture Stand - Gift,Height,36 Inches,Width,8x8,1019.15,,
charcoal-pedestal-column-shou-sugi-ban-wood-plinth-monolith-sculpture-,1883425294,Charcoal Pedestal Column - Shou sugi ban Wood Plinth - Monolith - Sculpture Stand - Gift,Height,36 Inches,Width,10x10,1104.15,,
charcoal-pedestal-column-shou-sugi-ban-wood-plinth-monolith-sculpture-,1883425294,Charcoal Pedestal Column - Shou sugi ban Wood Plinth - Monolith - Sculpture Stand - Gift,Height,36 Inches,Width,12x12,1189.15,,
charcoal-pedestal-column-shou-sugi-ban-wood-plinth-monolith-sculpture-,1883425294,Charcoal Pedestal Column - Shou sugi ban Wood Plinth - Monolith - Sculpture Stand - Gift,Height,38 Inches,Width,6x6,534.65,,
charcoal-pedestal-column-shou-sugi-ban-wood-plinth-monolith-sculpture-,1883425294,Charcoal Pedestal Column - Shou sugi ban Wood Plinth - Monolith - Sculpture Stand - Gift,Height,38 Inches,Width,8x8,1104.15,,
charcoal-pedestal-column-shou-sugi-ban-wood-plinth-monolith-sculpture-,1883425294,Charcoal Pedestal Column - Shou sugi ban Wood Plinth - Monolith - Sculpture Stand - Gift,Height,38 Inches,Width,10x10,1189.15,,
charcoal-pedestal-column-shou-sugi-ban-wood-plinth-monolith-sculpture-,1883425294,Charcoal Pedestal Column - Shou sugi ban Wood Plinth - Monolith - Sculpture Stand - Gift,Height,38 Inches,Width,12x12,1274.15,,
charcoal-pedestal-column-shou-sugi-ban-wood-plinth-monolith-sculpture-,1883425294,Charcoal Pedestal Column - Shou sugi ban Wood Plinth - Monolith - Sculpture Stand - Gift,Height,40 Inches,Width,6x6,551.65,,
charcoal-pedestal-column-shou-sugi-ban-wood-plinth-monolith-sculpture-,1883425294,Charcoal Pedestal Column - Shou sugi ban Wood Plinth - Monolith - Sculpture Stand - Gift,Height,40 Inches,Width,8x8,1189.15,,
charcoal-pedestal-column-shou-sugi-ban-wood-plinth-monolith-sculpture-,1883425294,Charcoal Pedestal Column - Shou sugi ban Wood Plinth - Monolith - Sculpture Stand - Gift,Height,40 Inches,Width,10x10,1274.15,,
charcoal-pedestal-column-shou-sugi-ban-wood-plinth-monolith-sculpture-,1883425294,Charcoal Pedestal Column - Shou sugi ban Wood Plinth - Monolith - Sculpture Stand - Gift,Height,40 Inches,Width,12x12,1359.15,,
charcoal-pedestal-column-shou-sugi-ban-wood-plinth-monolith-sculpture-,1883425294,Charcoal Pedestal Column - Shou sugi ban Wood Plinth - Monolith - Sculpture Stand - Gift,Height,42 Inches,Width,6x6,594.15,,
charcoal-pedestal-column-shou-sugi-ban-wood-plinth-monolith-sculpture-,1883425294,Charcoal Pedestal Column - Shou sugi ban Wood Plinth - Monolith - Sculpture Stand - Gift,Height,42 Inches,Width,8x8,1274.15,,
charcoal-pedestal-column-shou-sugi-ban-wood-plinth-monolith-sculpture-,1883425294,Charcoal Pedestal Column - Shou sugi ban Wood Plinth - Monolith - Sculpture Stand - Gift,Height,42 Inches,Width,10x10,1359.15,,
charcoal-pedestal-column-shou-sugi-ban-wood-plinth-monolith-sculpture-,1883425294,Charcoal Pedestal Column - Shou sugi ban Wood Plinth - Monolith - Sculpture Stand - Gift,Height,42 Inches,Width,12x12,1444.15,,
charcoal-pedestal-column-shou-sugi-ban-wood-plinth-monolith-sculpture-,1824753344,Charcoal pedestal column - shou sugi ban wood Plinth - Monolith - Sculpture Stand - Gift,Height,18 Inches,,,238.00,,
charcoal-pedestal-column-shou-sugi-ban-wood-plinth-monolith-sculpture-,1824753344,Charcoal pedestal column - shou sugi ban wood Plinth - Monolith - Sculpture Stand - Gift,Height,20 Inches,,,246.50,,
charcoal-pedestal-column-shou-sugi-ban-wood-plinth-monolith-sculpture-,1824753344,Charcoal pedestal column - shou sugi ban wood Plinth - Monolith - Sculpture Stand - Gift,Height,22 Inches,,,255.00,,
charcoal-pedestal-column-shou-sugi-ban-wood-plinth-monolith-sculpture-,1824753344,Charcoal pedestal column - shou sugi ban wood Plinth - Monolith - Sculpture Stand - Gift,Height,24 Inches,,,297.50,,
charcoal-pedestal-column-shou-sugi-ban-wood-plinth-monolith-sculpture-,1824753344,Charcoal pedestal column - shou sugi ban wood Plinth - Monolith - Sculpture Stand - Gift,Height,26 Inches,,,340.00,,
charcoal-pedestal-column-shou-sugi-ban-wood-plinth-monolith-sculpture-,1824753344,Charcoal pedestal column - shou sugi ban wood Plinth - Monolith - Sculpture Stand - Gift,Height,28 Inches,,,382.50,,
charcoal-pedestal-column-shou-sugi-ban-wood-plinth-monolith-sculpture-,1824753344,Charcoal pedestal column - shou sugi ban wood Plinth - Monolith - Sculpture Stand - Gift,Height,30 Inches,,,425.00,,
charcoal-pedestal-column-shou-sugi-ban-wood-plinth-monolith-sculpture-,1824753344,Charcoal pedestal column - shou sugi ban wood Plinth - Monolith - Sculpture Stand - Gift,Height,32 Inches,,,467.50,,
charcoal-pedestal-column-shou-sugi-ban-wood-plinth-monolith-sculpture-,1824753344,Charcoal pedestal column - shou sugi ban wood Plinth - Monolith - Sculpture Stand - Gift,Height,34 Inches,,,425.00,,
charcoal-pedestal-column-shou-sugi-ban-wood-plinth-monolith-sculpture-,1824753344,Charcoal pedestal column - shou sugi ban wood Plinth - Monolith - Sculpture Stand - Gift,Height,36 Inches,,,467.50,,
charcoal-pedestal-column-shou-sugi-ban-wood-plinth-monolith-sculpture-,1824753344,Charcoal pedestal column - shou sugi ban wood Plinth - Monolith - Sculpture Stand - Gift,Height,38 Inches,,,510.00,,
charcoal-pedestal-column-shou-sugi-ban-wood-plinth-monolith-sculpture-,1824753344,Charcoal pedestal column - shou sugi ban wood Plinth - Monolith - Sculpture Stand - Gift,Height,40 Inches,,,552.50,,
chiseled-frosted-travertine-floating-shelf-natural-stone-shelves-invis,4485928416,Chiseled Frosted Travertine Floating Shelf - Natural Stone Shelves - Invisible Shelf - RARE,Width,24 Inches,Depth,4 Inches,466.65,,
chiseled-frosted-travertine-floating-shelf-natural-stone-shelves-invis,4485928416,Chiseled Frosted Travertine Floating Shelf - Natural Stone Shelves - Invisible Shelf - RARE,Width,24 Inches,Depth,6 Inches,509.15,,
chiseled-frosted-travertine-floating-shelf-natural-stone-shelves-invis,4485928416,Chiseled Frosted Travertine Floating Shelf - Natural Stone Shelves - Invisible Shelf - RARE,Width,24 Inches,Depth,8 Inches,551.65,,
chiseled-frosted-travertine-floating-shelf-natural-stone-shelves-invis,4485928416,Chiseled Frosted Travertine Floating Shelf - Natural Stone Shelves - Invisible Shelf - RARE,Width,24 Inches,Depth,10 Inches,594.15,,
chiseled-frosted-travertine-floating-shelf-natural-stone-shelves-invis,4485928416,Chiseled Frosted Travertine Floating Shelf - Natural Stone Shelves - Invisible Shelf - RARE,Width,26 Inches,Depth,4 Inches,509.15,,
chiseled-frosted-travertine-floating-shelf-natural-stone-shelves-invis,4485928416,Chiseled Frosted Travertine Floating Shelf - Natural Stone Shelves - Invisible Shelf - RARE,Width,26 Inches,Depth,6 Inches,594.15,,
chiseled-frosted-travertine-floating-shelf-natural-stone-shelves-invis,4485928416,Chiseled Frosted Travertine Floating Shelf - Natural Stone Shelves - Invisible Shelf - RARE,Width,26 Inches,Depth,8 Inches,679.15,,
chiseled-frosted-travertine-floating-shelf-natural-stone-shelves-invis,4485928416,Chiseled Frosted Travertine Floating Shelf - Natural Stone Shelves - Invisible Shelf - RARE,Width,26 Inches,Depth,10 Inches,721.65,,
chiseled-frosted-travertine-floating-shelf-natural-stone-shelves-invis,4485928416,Chiseled Frosted Travertine Floating Shelf - Natural Stone Shelves - Invisible Shelf - RARE,Width,28 Inches,Depth,4 Inches,552.50,,
chiseled-frosted-travertine-floating-shelf-natural-stone-shelves-invis,4485928416,Chiseled Frosted Travertine Floating Shelf - Natural Stone Shelves - Invisible Shelf - RARE,Width,28 Inches,Depth,6 Inches,594.15,,
chiseled-frosted-travertine-floating-shelf-natural-stone-shelves-invis,4485928416,Chiseled Frosted Travertine Floating Shelf - Natural Stone Shelves - Invisible Shelf - RARE,Width,28 Inches,Depth,8 Inches,636.65,,
chiseled-frosted-travertine-floating-shelf-natural-stone-shelves-invis,4485928416,Chiseled Frosted Travertine Floating Shelf - Natural Stone Shelves - Invisible Shelf - RARE,Width,28 Inches,Depth,10 Inches,679.15,,
chiseled-frosted-travertine-floating-shelf-natural-stone-shelves-invis,4485928416,Chiseled Frosted Travertine Floating Shelf - Natural Stone Shelves - Invisible Shelf - RARE,Width,30 Inches,Depth,6 Inches,679.15,,
chiseled-frosted-travertine-floating-shelf-natural-stone-shelves-invis,4485928416,Chiseled Frosted Travertine Floating Shelf - Natural Stone Shelves - Invisible Shelf - RARE,Width,30 Inches,Depth,8 Inches,764.15,,
chiseled-frosted-travertine-floating-shelf-natural-stone-shelves-invis,4485928416,Chiseled Frosted Travertine Floating Shelf - Natural Stone Shelves - Invisible Shelf - RARE,Width,30 Inches,Depth,10 Inches,849.15,,
chiseled-frosted-travertine-floating-shelf-natural-stone-shelves-invis,4485928416,Chiseled Frosted Travertine Floating Shelf - Natural Stone Shelves - Invisible Shelf - RARE,Width,32 Inches,Depth,6 Inches,849.15,,
chiseled-frosted-travertine-floating-shelf-natural-stone-shelves-invis,4485928416,Chiseled Frosted Travertine Floating Shelf - Natural Stone Shelves - Invisible Shelf - RARE,Width,32 Inches,Depth,8 Inches,934.15,,
chiseled-frosted-travertine-floating-shelf-natural-stone-shelves-invis,4485928416,Chiseled Frosted Travertine Floating Shelf - Natural Stone Shelves - Invisible Shelf - RARE,Width,32 Inches,Depth,10 Inches,1019.15,,
chiseled-frosted-travertine-floating-shelf-natural-stone-shelves-invis,4485928416,Chiseled Frosted Travertine Floating Shelf - Natural Stone Shelves - Invisible Shelf - RARE,Width,34 Inches,Depth,6 Inches,934.15,,
chiseled-frosted-travertine-floating-shelf-natural-stone-shelves-invis,4485928416,Chiseled Frosted Travertine Floating Shelf - Natural Stone Shelves - Invisible Shelf - RARE,Width,34 Inches,Depth,8 Inches,1019.15,,
chiseled-frosted-travertine-floating-shelf-natural-stone-shelves-invis,4485928416,Chiseled Frosted Travertine Floating Shelf - Natural Stone Shelves - Invisible Shelf - RARE,Width,34 Inches,Depth,10 Inches,1104.15,,
chiseled-frosted-travertine-floating-shelf-natural-stone-shelves-invis,4485928416,Chiseled Frosted Travertine Floating Shelf - Natural Stone Shelves - Invisible Shelf - RARE,Width,36 Inches,Depth,6 Inches,1019.15,,
chiseled-frosted-travertine-floating-shelf-natural-stone-shelves-invis,4485928416,Chiseled Frosted Travertine Floating Shelf - Natural Stone Shelves - Invisible Shelf - RARE,Width,36 Inches,Depth,8 Inches,1104.15,,
chiseled-frosted-travertine-floating-shelf-natural-stone-shelves-invis,4485928416,Chiseled Frosted Travertine Floating Shelf - Natural Stone Shelves - Invisible Shelf - RARE,Width,36 Inches,Depth,10 Inches,1189.15,,
chiseled-frosted-travertine-floating-shelf-natural-stone-shelves-invis,4485928416,Chiseled Frosted Travertine Floating Shelf - Natural Stone Shelves - Invisible Shelf - RARE,Width,38 Inches,Depth,6 Inches,1104.15,,
chiseled-frosted-travertine-floating-shelf-natural-stone-shelves-invis,4485928416,Chiseled Frosted Travertine Floating Shelf - Natural Stone Shelves - Invisible Shelf - RARE,Width,38 Inches,Depth,8 Inches,1189.15,,
chiseled-frosted-travertine-floating-shelf-natural-stone-shelves-invis,4485928416,Chiseled Frosted Travertine Floating Shelf - Natural Stone Shelves - Invisible Shelf - RARE,Width,38 Inches,Depth,10 Inches,1274.15,,
chiseled-frosted-travertine-floating-shelf-natural-stone-shelves-invis,4485928416,Chiseled Frosted Travertine Floating Shelf - Natural Stone Shelves - Invisible Shelf - RARE,Width,40 Inches,Depth,6 Inches,1189.15,,
chiseled-frosted-travertine-floating-shelf-natural-stone-shelves-invis,4485928416,Chiseled Frosted Travertine Floating Shelf - Natural Stone Shelves - Invisible Shelf - RARE,Width,40 Inches,Depth,8 Inches,1274.15,,
chiseled-frosted-travertine-floating-shelf-natural-stone-shelves-invis,4485928416,Chiseled Frosted Travertine Floating Shelf - Natural Stone Shelves - Invisible Shelf - RARE,Width,40 Inches,Depth,10 Inches,1359.15,,
chiseled-frosted-travertine-floating-shelf-natural-stone-shelves-invis,4485928416,Chiseled Frosted Travertine Floating Shelf - Natural Stone Shelves - Invisible Shelf - RARE,Width,42 Inches,Depth,6 Inches,1274.15,,
chiseled-frosted-travertine-floating-shelf-natural-stone-shelves-invis,4485928416,Chiseled Frosted Travertine Floating Shelf - Natural Stone Shelves - Invisible Shelf - RARE,Width,42 Inches,Depth,8 Inches,1359.15,,
chiseled-frosted-travertine-floating-shelf-natural-stone-shelves-invis,4485928416,Chiseled Frosted Travertine Floating Shelf - Natural Stone Shelves - Invisible Shelf - RARE,Width,42 Inches,Depth,10 Inches,1444.15,,
chiseled-frosted-travertine-floating-shelf-natural-stone-shelves-invis,4485928416,Chiseled Frosted Travertine Floating Shelf - Natural Stone Shelves - Invisible Shelf - RARE,Width,44 Inches,Depth,6 Inches,1359.15,,
chiseled-frosted-travertine-floating-shelf-natural-stone-shelves-invis,4485928416,Chiseled Frosted Travertine Floating Shelf - Natural Stone Shelves - Invisible Shelf - RARE,Width,44 Inches,Depth,8 Inches,1444.15,,
chiseled-frosted-travertine-floating-shelf-natural-stone-shelves-invis,4485928416,Chiseled Frosted Travertine Floating Shelf - Natural Stone Shelves - Invisible Shelf - RARE,Width,44 Inches,Depth,10 Inches,1529.15,,
chiseled-frosted-travertine-floating-shelf-natural-stone-shelves-invis,4485928416,Chiseled Frosted Travertine Floating Shelf - Natural Stone Shelves - Invisible Shelf - RARE,Width,46 Inches,Depth,6 Inches,1444.15,,
chiseled-frosted-travertine-floating-shelf-natural-stone-shelves-invis,4485928416,Chiseled Frosted Travertine Floating Shelf - Natural Stone Shelves - Invisible Shelf - RARE,Width,46 Inches,Depth,8 Inches,1529.15,,
chiseled-frosted-travertine-floating-shelf-natural-stone-shelves-invis,4485928416,Chiseled Frosted Travertine Floating Shelf - Natural Stone Shelves - Invisible Shelf - RARE,Width,46 Inches,Depth,10 Inches,1614.15,,
chiseled-frosted-travertine-floating-shelf-natural-stone-shelves-invis,4485928416,Chiseled Frosted Travertine Floating Shelf - Natural Stone Shelves - Invisible Shelf - RARE,Width,50 Inches,Depth,6 Inches,1529.15,,
chiseled-frosted-travertine-floating-shelf-natural-stone-shelves-invis,4485928416,Chiseled Frosted Travertine Floating Shelf - Natural Stone Shelves - Invisible Shelf - RARE,Width,50 Inches,Depth,8 Inches,1614.15,,
chiseled-frosted-travertine-floating-shelf-natural-stone-shelves-invis,4485928416,Chiseled Frosted Travertine Floating Shelf - Natural Stone Shelves - Invisible Shelf - RARE,Width,50 Inches,Depth,10 Inches,1699.15,,
chiseled-frosted-travertine-floating-shelf-natural-stone-shelves-invis,4485928416,Chiseled Frosted Travertine Floating Shelf - Natural Stone Shelves - Invisible Shelf - RARE,Width,52 Inches,Depth,6 Inches,1614.15,,
chiseled-frosted-travertine-floating-shelf-natural-stone-shelves-invis,4485928416,Chiseled Frosted Travertine Floating Shelf - Natural Stone Shelves - Invisible Shelf - RARE,Width,52 Inches,Depth,8 Inches,1699.15,,
chiseled-frosted-travertine-floating-shelf-natural-stone-shelves-invis,4485928416,Chiseled Frosted Travertine Floating Shelf - Natural Stone Shelves - Invisible Shelf - RARE,Width,52 Inches,Depth,10 Inches,1784.15,,
chiseled-frosted-travertine-floating-shelf-natural-stone-shelves-invis,4485928416,Chiseled Frosted Travertine Floating Shelf - Natural Stone Shelves - Invisible Shelf - RARE,Width,54 Inches,Depth,6 Inches,1699.15,,
chiseled-frosted-travertine-floating-shelf-natural-stone-shelves-invis,4485928416,Chiseled Frosted Travertine Floating Shelf - Natural Stone Shelves - Invisible Shelf - RARE,Width,54 Inches,Depth,8 Inches,1784.15,,
chiseled-frosted-travertine-floating-shelf-natural-stone-shelves-invis,4485928416,Chiseled Frosted Travertine Floating Shelf - Natural Stone Shelves - Invisible Shelf - RARE,Width,54 Inches,Depth,10 Inches,1869.15,,
chiseled-frosted-travertine-floating-shelf-natural-stone-shelves-invis,4485928416,Chiseled Frosted Travertine Floating Shelf - Natural Stone Shelves - Invisible Shelf - RARE,Width,56 Inches,Depth,6 Inches,1784.15,,
chiseled-frosted-travertine-floating-shelf-natural-stone-shelves-invis,4485928416,Chiseled Frosted Travertine Floating Shelf - Natural Stone Shelves - Invisible Shelf - RARE,Width,56 Inches,Depth,8 Inches,1869.15,,
chiseled-frosted-travertine-floating-shelf-natural-stone-shelves-invis,4485928416,Chiseled Frosted Travertine Floating Shelf - Natural Stone Shelves - Invisible Shelf - RARE,Width,56 Inches,Depth,10 Inches,1954.15,,
chiseled-frosted-travertine-floating-shelf-natural-stone-shelves-invis,4485928416,Chiseled Frosted Travertine Floating Shelf - Natural Stone Shelves - Invisible Shelf - RARE,Width,58 Inches,Depth,6 Inches,1954.15,,
chiseled-frosted-travertine-floating-shelf-natural-stone-shelves-invis,4485928416,Chiseled Frosted Travertine Floating Shelf - Natural Stone Shelves - Invisible Shelf - RARE,Width,58 Inches,Depth,8 Inches,2039.15,,
chiseled-frosted-travertine-floating-shelf-natural-stone-shelves-invis,4485928416,Chiseled Frosted Travertine Floating Shelf - Natural Stone Shelves - Invisible Shelf - RARE,Width,58 Inches,Depth,10 Inches,2124.15,,
chiseled-frosted-travertine-floating-shelf-natural-stone-shelves-invis,4485928416,Chiseled Frosted Travertine Floating Shelf - Natural Stone Shelves - Invisible Shelf - RARE,Width,60 Inches,Depth,6 Inches,2039.15,,
chiseled-frosted-travertine-floating-shelf-natural-stone-shelves-invis,4485928416,Chiseled Frosted Travertine Floating Shelf - Natural Stone Shelves - Invisible Shelf - RARE,Width,60 Inches,Depth,8 Inches,2124.15,,
chiseled-frosted-travertine-floating-shelf-natural-stone-shelves-invis,4485928416,Chiseled Frosted Travertine Floating Shelf - Natural Stone Shelves - Invisible Shelf - RARE,Width,60 Inches,Depth,10 Inches,2209.15,,
chiseled-limestone-jewelry-display-stand-natural-stone-necklace-tray,4351053912,Chiseled Limestone Jewelry Display Stand: Natural Stone Necklace Tray,Style,A,,,136.00,,
chiseled-limestone-jewelry-display-stand-natural-stone-necklace-tray,4351053912,Chiseled Limestone Jewelry Display Stand: Natural Stone Necklace Tray,Style,B,,,127.50,,
chiseled-limestone-jewelry-display-stand-natural-stone-necklace-tray,4351053912,Chiseled Limestone Jewelry Display Stand: Natural Stone Necklace Tray,Style,C,,,102.00,,
chiseled-limestone-jewelry-display-stand-natural-stone-necklace-tray,4351053912,Chiseled Limestone Jewelry Display Stand: Natural Stone Necklace Tray,Style,D,,,102.00,,
chiseled-limestone-jewelry-display-stand-natural-stone-necklace-tray,4351053912,Chiseled Limestone Jewelry Display Stand: Natural Stone Necklace Tray,Style,E,,,102.00,,
chiseled-limestone-jewelry-display-stand-natural-stone-necklace-tray,4351053912,Chiseled Limestone Jewelry Display Stand: Natural Stone Necklace Tray,Style,F,,,93.50,,
chiseled-limestone-jewelry-display-stand-natural-stone-necklace-tray,4351053912,Chiseled Limestone Jewelry Display Stand: Natural Stone Necklace Tray,Style,G,,,93.50,,
chiseled-limestone-jewelry-display-stand-natural-stone-necklace-tray,4351053912,Chiseled Limestone Jewelry Display Stand: Natural Stone Necklace Tray,Style,H,,,102.00,,
chiseled-limestone-plate-handmade-jewelry-candle-tray-organizer,4300200126,"Chiseled Limestone Plate: Handmade Jewelry, Candle Tray Organizer",,,,,254.15,,4300200126
chiseled-silver-travertine-floating-shelf-natural-stone-shelves-invisi,4472927593,Chiseled Silver Travertine Floating Shelf - Natural Stone Shelves - Invisible Shelf Optional,Width,24 Inches,Depth,4 Inches,551.65,,
chiseled-silver-travertine-floating-shelf-natural-stone-shelves-invisi,4472927593,Chiseled Silver Travertine Floating Shelf - Natural Stone Shelves - Invisible Shelf Optional,Width,24 Inches,Depth,6 Inches,594.15,,
chiseled-silver-travertine-floating-shelf-natural-stone-shelves-invisi,4472927593,Chiseled Silver Travertine Floating Shelf - Natural Stone Shelves - Invisible Shelf Optional,Width,24 Inches,Depth,8 Inches,636.65,,
chiseled-silver-travertine-floating-shelf-natural-stone-shelves-invisi,4472927593,Chiseled Silver Travertine Floating Shelf - Natural Stone Shelves - Invisible Shelf Optional,Width,24 Inches,Depth,10 Inches,679.15,,
chiseled-silver-travertine-floating-shelf-natural-stone-shelves-invisi,4472927593,Chiseled Silver Travertine Floating Shelf - Natural Stone Shelves - Invisible Shelf Optional,Width,26 Inches,Depth,4 Inches,594.15,,
chiseled-silver-travertine-floating-shelf-natural-stone-shelves-invisi,4472927593,Chiseled Silver Travertine Floating Shelf - Natural Stone Shelves - Invisible Shelf Optional,Width,26 Inches,Depth,6 Inches,679.15,,
chiseled-silver-travertine-floating-shelf-natural-stone-shelves-invisi,4472927593,Chiseled Silver Travertine Floating Shelf - Natural Stone Shelves - Invisible Shelf Optional,Width,26 Inches,Depth,8 Inches,764.15,,
chiseled-silver-travertine-floating-shelf-natural-stone-shelves-invisi,4472927593,Chiseled Silver Travertine Floating Shelf - Natural Stone Shelves - Invisible Shelf Optional,Width,26 Inches,Depth,10 Inches,806.65,,
chiseled-silver-travertine-floating-shelf-natural-stone-shelves-invisi,4472927593,Chiseled Silver Travertine Floating Shelf - Natural Stone Shelves - Invisible Shelf Optional,Width,28 Inches,Depth,4 Inches,636.65,,
chiseled-silver-travertine-floating-shelf-natural-stone-shelves-invisi,4472927593,Chiseled Silver Travertine Floating Shelf - Natural Stone Shelves - Invisible Shelf Optional,Width,28 Inches,Depth,6 Inches,679.15,,
chiseled-silver-travertine-floating-shelf-natural-stone-shelves-invisi,4472927593,Chiseled Silver Travertine Floating Shelf - Natural Stone Shelves - Invisible Shelf Optional,Width,28 Inches,Depth,8 Inches,721.65,,
chiseled-silver-travertine-floating-shelf-natural-stone-shelves-invisi,4472927593,Chiseled Silver Travertine Floating Shelf - Natural Stone Shelves - Invisible Shelf Optional,Width,28 Inches,Depth,10 Inches,764.15,,
chiseled-silver-travertine-floating-shelf-natural-stone-shelves-invisi,4472927593,Chiseled Silver Travertine Floating Shelf - Natural Stone Shelves - Invisible Shelf Optional,Width,30 Inches,Depth,6 Inches,764.15,,
chiseled-silver-travertine-floating-shelf-natural-stone-shelves-invisi,4472927593,Chiseled Silver Travertine Floating Shelf - Natural Stone Shelves - Invisible Shelf Optional,Width,30 Inches,Depth,8 Inches,849.15,,
chiseled-silver-travertine-floating-shelf-natural-stone-shelves-invisi,4472927593,Chiseled Silver Travertine Floating Shelf - Natural Stone Shelves - Invisible Shelf Optional,Width,30 Inches,Depth,10 Inches,934.15,,
chiseled-silver-travertine-floating-shelf-natural-stone-shelves-invisi,4472927593,Chiseled Silver Travertine Floating Shelf - Natural Stone Shelves - Invisible Shelf Optional,Width,32 Inches,Depth,6 Inches,934.15,,
chiseled-silver-travertine-floating-shelf-natural-stone-shelves-invisi,4472927593,Chiseled Silver Travertine Floating Shelf - Natural Stone Shelves - Invisible Shelf Optional,Width,32 Inches,Depth,8 Inches,934.15,,
chiseled-silver-travertine-floating-shelf-natural-stone-shelves-invisi,4472927593,Chiseled Silver Travertine Floating Shelf - Natural Stone Shelves - Invisible Shelf Optional,Width,32 Inches,Depth,10 Inches,1019.15,,
chiseled-silver-travertine-floating-shelf-natural-stone-shelves-invisi,4472927593,Chiseled Silver Travertine Floating Shelf - Natural Stone Shelves - Invisible Shelf Optional,Width,34 Inches,Depth,6 Inches,934.15,,
chiseled-silver-travertine-floating-shelf-natural-stone-shelves-invisi,4472927593,Chiseled Silver Travertine Floating Shelf - Natural Stone Shelves - Invisible Shelf Optional,Width,34 Inches,Depth,8 Inches,1019.15,,
chiseled-silver-travertine-floating-shelf-natural-stone-shelves-invisi,4472927593,Chiseled Silver Travertine Floating Shelf - Natural Stone Shelves - Invisible Shelf Optional,Width,34 Inches,Depth,10 Inches,1104.15,,
chiseled-silver-travertine-floating-shelf-natural-stone-shelves-invisi,4472927593,Chiseled Silver Travertine Floating Shelf - Natural Stone Shelves - Invisible Shelf Optional,Width,36 Inches,Depth,6 Inches,1104.15,,
chiseled-silver-travertine-floating-shelf-natural-stone-shelves-invisi,4472927593,Chiseled Silver Travertine Floating Shelf - Natural Stone Shelves - Invisible Shelf Optional,Width,36 Inches,Depth,8 Inches,1189.15,,
chiseled-silver-travertine-floating-shelf-natural-stone-shelves-invisi,4472927593,Chiseled Silver Travertine Floating Shelf - Natural Stone Shelves - Invisible Shelf Optional,Width,36 Inches,Depth,10 Inches,1274.15,,
chiseled-silver-travertine-floating-shelf-natural-stone-shelves-invisi,4472927593,Chiseled Silver Travertine Floating Shelf - Natural Stone Shelves - Invisible Shelf Optional,Width,38 Inches,Depth,6 Inches,1189.15,,
chiseled-silver-travertine-floating-shelf-natural-stone-shelves-invisi,4472927593,Chiseled Silver Travertine Floating Shelf - Natural Stone Shelves - Invisible Shelf Optional,Width,38 Inches,Depth,8 Inches,1274.15,,
chiseled-silver-travertine-floating-shelf-natural-stone-shelves-invisi,4472927593,Chiseled Silver Travertine Floating Shelf - Natural Stone Shelves - Invisible Shelf Optional,Width,38 Inches,Depth,10 Inches,1359.15,,
chiseled-silver-travertine-floating-shelf-natural-stone-shelves-invisi,4472927593,Chiseled Silver Travertine Floating Shelf - Natural Stone Shelves - Invisible Shelf Optional,Width,40 Inches,Depth,6 Inches,1274.15,,
chiseled-silver-travertine-floating-shelf-natural-stone-shelves-invisi,4472927593,Chiseled Silver Travertine Floating Shelf - Natural Stone Shelves - Invisible Shelf Optional,Width,40 Inches,Depth,8 Inches,1359.15,,
chiseled-silver-travertine-floating-shelf-natural-stone-shelves-invisi,4472927593,Chiseled Silver Travertine Floating Shelf - Natural Stone Shelves - Invisible Shelf Optional,Width,40 Inches,Depth,10 Inches,1444.15,,
chiseled-silver-travertine-floating-shelf-natural-stone-shelves-invisi,4472927593,Chiseled Silver Travertine Floating Shelf - Natural Stone Shelves - Invisible Shelf Optional,Width,42 Inches,Depth,6 Inches,1359.15,,
chiseled-silver-travertine-floating-shelf-natural-stone-shelves-invisi,4472927593,Chiseled Silver Travertine Floating Shelf - Natural Stone Shelves - Invisible Shelf Optional,Width,42 Inches,Depth,8 Inches,1444.15,,
chiseled-silver-travertine-floating-shelf-natural-stone-shelves-invisi,4472927593,Chiseled Silver Travertine Floating Shelf - Natural Stone Shelves - Invisible Shelf Optional,Width,42 Inches,Depth,10 Inches,1529.15,,
chiseled-silver-travertine-floating-shelf-natural-stone-shelves-invisi,4472927593,Chiseled Silver Travertine Floating Shelf - Natural Stone Shelves - Invisible Shelf Optional,Width,44 Inches,Depth,6 Inches,1444.15,,
chiseled-silver-travertine-floating-shelf-natural-stone-shelves-invisi,4472927593,Chiseled Silver Travertine Floating Shelf - Natural Stone Shelves - Invisible Shelf Optional,Width,44 Inches,Depth,8 Inches,1529.15,,
chiseled-silver-travertine-floating-shelf-natural-stone-shelves-invisi,4472927593,Chiseled Silver Travertine Floating Shelf - Natural Stone Shelves - Invisible Shelf Optional,Width,44 Inches,Depth,10 Inches,1614.15,,
chiseled-silver-travertine-floating-shelf-natural-stone-shelves-invisi,4472927593,Chiseled Silver Travertine Floating Shelf - Natural Stone Shelves - Invisible Shelf Optional,Width,46 Inches,Depth,6 Inches,1529.15,,
chiseled-silver-travertine-floating-shelf-natural-stone-shelves-invisi,4472927593,Chiseled Silver Travertine Floating Shelf - Natural Stone Shelves - Invisible Shelf Optional,Width,46 Inches,Depth,8 Inches,1614.15,,
chiseled-silver-travertine-floating-shelf-natural-stone-shelves-invisi,4472927593,Chiseled Silver Travertine Floating Shelf - Natural Stone Shelves - Invisible Shelf Optional,Width,46 Inches,Depth,10 Inches,1699.15,,
chiseled-travertine-floating-shelf-natural-stone-shelves-invisible-she,1888391866,Chiseled Travertine Floating Shelf - Natural Stone Shelves - Invisible Shelf,Width,24 Inches,Depth,4 Inches,466.65,,
chiseled-travertine-floating-shelf-natural-stone-shelves-invisible-she,1888391866,Chiseled Travertine Floating Shelf - Natural Stone Shelves - Invisible Shelf,Width,24 Inches,Depth,6 Inches,509.15,,
chiseled-travertine-floating-shelf-natural-stone-shelves-invisible-she,1888391866,Chiseled Travertine Floating Shelf - Natural Stone Shelves - Invisible Shelf,Width,24 Inches,Depth,8 Inches,551.65,,
chiseled-travertine-floating-shelf-natural-stone-shelves-invisible-she,1888391866,Chiseled Travertine Floating Shelf - Natural Stone Shelves - Invisible Shelf,Width,24 Inches,Depth,10 Inches,594.15,,
chiseled-travertine-floating-shelf-natural-stone-shelves-invisible-she,1888391866,Chiseled Travertine Floating Shelf - Natural Stone Shelves - Invisible Shelf,Width,26 Inches,Depth,4 Inches,509.15,,
chiseled-travertine-floating-shelf-natural-stone-shelves-invisible-she,1888391866,Chiseled Travertine Floating Shelf - Natural Stone Shelves - Invisible Shelf,Width,26 Inches,Depth,6 Inches,594.15,,
chiseled-travertine-floating-shelf-natural-stone-shelves-invisible-she,1888391866,Chiseled Travertine Floating Shelf - Natural Stone Shelves - Invisible Shelf,Width,26 Inches,Depth,8 Inches,679.15,,
chiseled-travertine-floating-shelf-natural-stone-shelves-invisible-she,1888391866,Chiseled Travertine Floating Shelf - Natural Stone Shelves - Invisible Shelf,Width,26 Inches,Depth,10 Inches,721.65,,
chiseled-travertine-floating-shelf-natural-stone-shelves-invisible-she,1888391866,Chiseled Travertine Floating Shelf - Natural Stone Shelves - Invisible Shelf,Width,28 Inches,Depth,4 Inches,552.50,,
chiseled-travertine-floating-shelf-natural-stone-shelves-invisible-she,1888391866,Chiseled Travertine Floating Shelf - Natural Stone Shelves - Invisible Shelf,Width,28 Inches,Depth,6 Inches,594.15,,
chiseled-travertine-floating-shelf-natural-stone-shelves-invisible-she,1888391866,Chiseled Travertine Floating Shelf - Natural Stone Shelves - Invisible Shelf,Width,28 Inches,Depth,8 Inches,636.65,,
chiseled-travertine-floating-shelf-natural-stone-shelves-invisible-she,1888391866,Chiseled Travertine Floating Shelf - Natural Stone Shelves - Invisible Shelf,Width,28 Inches,Depth,10 Inches,679.15,,
chiseled-travertine-floating-shelf-natural-stone-shelves-invisible-she,1888391866,Chiseled Travertine Floating Shelf - Natural Stone Shelves - Invisible Shelf,Width,30 Inches,Depth,6 Inches,679.15,,
chiseled-travertine-floating-shelf-natural-stone-shelves-invisible-she,1888391866,Chiseled Travertine Floating Shelf - Natural Stone Shelves - Invisible Shelf,Width,30 Inches,Depth,8 Inches,764.15,,
chiseled-travertine-floating-shelf-natural-stone-shelves-invisible-she,1888391866,Chiseled Travertine Floating Shelf - Natural Stone Shelves - Invisible Shelf,Width,30 Inches,Depth,10 Inches,849.15,,
chiseled-travertine-floating-shelf-natural-stone-shelves-invisible-she,1888391866,Chiseled Travertine Floating Shelf - Natural Stone Shelves - Invisible Shelf,Width,32 Inches,Depth,6 Inches,849.15,,
chiseled-travertine-floating-shelf-natural-stone-shelves-invisible-she,1888391866,Chiseled Travertine Floating Shelf - Natural Stone Shelves - Invisible Shelf,Width,32 Inches,Depth,8 Inches,934.15,,
chiseled-travertine-floating-shelf-natural-stone-shelves-invisible-she,1888391866,Chiseled Travertine Floating Shelf - Natural Stone Shelves - Invisible Shelf,Width,32 Inches,Depth,10 Inches,1019.15,,
chiseled-travertine-floating-shelf-natural-stone-shelves-invisible-she,1888391866,Chiseled Travertine Floating Shelf - Natural Stone Shelves - Invisible Shelf,Width,34 Inches,Depth,6 Inches,934.15,,
chiseled-travertine-floating-shelf-natural-stone-shelves-invisible-she,1888391866,Chiseled Travertine Floating Shelf - Natural Stone Shelves - Invisible Shelf,Width,34 Inches,Depth,8 Inches,1019.15,,
chiseled-travertine-floating-shelf-natural-stone-shelves-invisible-she,1888391866,Chiseled Travertine Floating Shelf - Natural Stone Shelves - Invisible Shelf,Width,34 Inches,Depth,10 Inches,1104.15,,
chiseled-travertine-floating-shelf-natural-stone-shelves-invisible-she,1888391866,Chiseled Travertine Floating Shelf - Natural Stone Shelves - Invisible Shelf,Width,36 Inches,Depth,6 Inches,1019.15,,
chiseled-travertine-floating-shelf-natural-stone-shelves-invisible-she,1888391866,Chiseled Travertine Floating Shelf - Natural Stone Shelves - Invisible Shelf,Width,36 Inches,Depth,8 Inches,1104.15,,
chiseled-travertine-floating-shelf-natural-stone-shelves-invisible-she,1888391866,Chiseled Travertine Floating Shelf - Natural Stone Shelves - Invisible Shelf,Width,36 Inches,Depth,10 Inches,1189.15,,
chiseled-travertine-floating-shelf-natural-stone-shelves-invisible-she,1888391866,Chiseled Travertine Floating Shelf - Natural Stone Shelves - Invisible Shelf,Width,38 Inches,Depth,6 Inches,1104.15,,
chiseled-travertine-floating-shelf-natural-stone-shelves-invisible-she,1888391866,Chiseled Travertine Floating Shelf - Natural Stone Shelves - Invisible Shelf,Width,38 Inches,Depth,8 Inches,1189.15,,
chiseled-travertine-floating-shelf-natural-stone-shelves-invisible-she,1888391866,Chiseled Travertine Floating Shelf - Natural Stone Shelves - Invisible Shelf,Width,38 Inches,Depth,10 Inches,1274.15,,
chiseled-travertine-floating-shelf-natural-stone-shelves-invisible-she,1888391866,Chiseled Travertine Floating Shelf - Natural Stone Shelves - Invisible Shelf,Width,40 Inches,Depth,6 Inches,1189.15,,
chiseled-travertine-floating-shelf-natural-stone-shelves-invisible-she,1888391866,Chiseled Travertine Floating Shelf - Natural Stone Shelves - Invisible Shelf,Width,40 Inches,Depth,8 Inches,1274.15,,
chiseled-travertine-floating-shelf-natural-stone-shelves-invisible-she,1888391866,Chiseled Travertine Floating Shelf - Natural Stone Shelves - Invisible Shelf,Width,40 Inches,Depth,10 Inches,1359.15,,
chiseled-travertine-floating-shelf-natural-stone-shelves-invisible-she,1888391866,Chiseled Travertine Floating Shelf - Natural Stone Shelves - Invisible Shelf,Width,42 Inches,Depth,6 Inches,1274.15,,
chiseled-travertine-floating-shelf-natural-stone-shelves-invisible-she,1888391866,Chiseled Travertine Floating Shelf - Natural Stone Shelves - Invisible Shelf,Width,42 Inches,Depth,8 Inches,1359.15,,
chiseled-travertine-floating-shelf-natural-stone-shelves-invisible-she,1888391866,Chiseled Travertine Floating Shelf - Natural Stone Shelves - Invisible Shelf,Width,42 Inches,Depth,10 Inches,1444.15,,
chiseled-travertine-floating-shelf-natural-stone-shelves-invisible-she,1888391866,Chiseled Travertine Floating Shelf - Natural Stone Shelves - Invisible Shelf,Width,44 Inches,Depth,6 Inches,1359.15,,
chiseled-travertine-floating-shelf-natural-stone-shelves-invisible-she,1888391866,Chiseled Travertine Floating Shelf - Natural Stone Shelves - Invisible Shelf,Width,44 Inches,Depth,8 Inches,1444.15,,
chiseled-travertine-floating-shelf-natural-stone-shelves-invisible-she,1888391866,Chiseled Travertine Floating Shelf - Natural Stone Shelves - Invisible Shelf,Width,44 Inches,Depth,10 Inches,1529.15,,
chiseled-travertine-floating-shelf-natural-stone-shelves-invisible-she,1888391866,Chiseled Travertine Floating Shelf - Natural Stone Shelves - Invisible Shelf,Width,46 Inches,Depth,6 Inches,1444.15,,
chiseled-travertine-floating-shelf-natural-stone-shelves-invisible-she,1888391866,Chiseled Travertine Floating Shelf - Natural Stone Shelves - Invisible Shelf,Width,46 Inches,Depth,8 Inches,1529.15,,
chiseled-travertine-floating-shelf-natural-stone-shelves-invisible-she,1888391866,Chiseled Travertine Floating Shelf - Natural Stone Shelves - Invisible Shelf,Width,46 Inches,Depth,10 Inches,1614.15,,
chiseled-travertine-floating-shelf-natural-stone-shelves-invisible-she,1888391866,Chiseled Travertine Floating Shelf - Natural Stone Shelves - Invisible Shelf,Width,50 Inches,Depth,6 Inches,1529.15,,
chiseled-travertine-floating-shelf-natural-stone-shelves-invisible-she,1888391866,Chiseled Travertine Floating Shelf - Natural Stone Shelves - Invisible Shelf,Width,50 Inches,Depth,8 Inches,1614.15,,
chiseled-travertine-floating-shelf-natural-stone-shelves-invisible-she,1888391866,Chiseled Travertine Floating Shelf - Natural Stone Shelves - Invisible Shelf,Width,50 Inches,Depth,10 Inches,1699.15,,
chiseled-travertine-floating-shelf-natural-stone-shelves-invisible-she,1888391866,Chiseled Travertine Floating Shelf - Natural Stone Shelves - Invisible Shelf,Width,52 Inches,Depth,6 Inches,1614.15,,
chiseled-travertine-floating-shelf-natural-stone-shelves-invisible-she,1888391866,Chiseled Travertine Floating Shelf - Natural Stone Shelves - Invisible Shelf,Width,52 Inches,Depth,8 Inches,1699.15,,
chiseled-travertine-floating-shelf-natural-stone-shelves-invisible-she,1888391866,Chiseled Travertine Floating Shelf - Natural Stone Shelves - Invisible Shelf,Width,52 Inches,Depth,10 Inches,1784.15,,
chiseled-travertine-floating-shelf-natural-stone-shelves-invisible-she,1888391866,Chiseled Travertine Floating Shelf - Natural Stone Shelves - Invisible Shelf,Width,54 Inches,Depth,6 Inches,1699.15,,
chiseled-travertine-floating-shelf-natural-stone-shelves-invisible-she,1888391866,Chiseled Travertine Floating Shelf - Natural Stone Shelves - Invisible Shelf,Width,54 Inches,Depth,8 Inches,1784.15,,
chiseled-travertine-floating-shelf-natural-stone-shelves-invisible-she,1888391866,Chiseled Travertine Floating Shelf - Natural Stone Shelves - Invisible Shelf,Width,54 Inches,Depth,10 Inches,1869.15,,
chiseled-travertine-floating-shelf-natural-stone-shelves-invisible-she,1888391866,Chiseled Travertine Floating Shelf - Natural Stone Shelves - Invisible Shelf,Width,56 Inches,Depth,6 Inches,1784.15,,
chiseled-travertine-floating-shelf-natural-stone-shelves-invisible-she,1888391866,Chiseled Travertine Floating Shelf - Natural Stone Shelves - Invisible Shelf,Width,56 Inches,Depth,8 Inches,1869.15,,
chiseled-travertine-floating-shelf-natural-stone-shelves-invisible-she,1888391866,Chiseled Travertine Floating Shelf - Natural Stone Shelves - Invisible Shelf,Width,56 Inches,Depth,10 Inches,1954.15,,
chiseled-travertine-floating-shelf-natural-stone-shelves-invisible-she,1888391866,Chiseled Travertine Floating Shelf - Natural Stone Shelves - Invisible Shelf,Width,58 Inches,Depth,6 Inches,1954.15,,
chiseled-travertine-floating-shelf-natural-stone-shelves-invisible-she,1888391866,Chiseled Travertine Floating Shelf - Natural Stone Shelves - Invisible Shelf,Width,58 Inches,Depth,8 Inches,2039.15,,
chiseled-travertine-floating-shelf-natural-stone-shelves-invisible-she,1888391866,Chiseled Travertine Floating Shelf - Natural Stone Shelves - Invisible Shelf,Width,58 Inches,Depth,10 Inches,2124.15,,
chiseled-travertine-floating-shelf-natural-stone-shelves-invisible-she,1888391866,Chiseled Travertine Floating Shelf - Natural Stone Shelves - Invisible Shelf,Width,60 Inches,Depth,6 Inches,2039.15,,
chiseled-travertine-floating-shelf-natural-stone-shelves-invisible-she,1888391866,Chiseled Travertine Floating Shelf - Natural Stone Shelves - Invisible Shelf,Width,60 Inches,Depth,8 Inches,2124.15,,
chiseled-travertine-floating-shelf-natural-stone-shelves-invisible-she,1888391866,Chiseled Travertine Floating Shelf - Natural Stone Shelves - Invisible Shelf,Width,60 Inches,Depth,10 Inches,2209.15,,
chiseled-travertine-jewelry-display-stand-handcrafted-stone-stand,4351074138,Chiseled Travertine Jewelry Display Stand - Handcrafted Stone stand,Style,A,,,169.15,,
chiseled-travertine-jewelry-display-stand-handcrafted-stone-stand,4351074138,Chiseled Travertine Jewelry Display Stand - Handcrafted Stone stand,Style,B,,,127.50,,
chiseled-travertine-jewelry-display-stand-handcrafted-stone-stand,4351074138,Chiseled Travertine Jewelry Display Stand - Handcrafted Stone stand,Style,C,,,148.75,,
chiseled-travertine-jewelry-display-stand-handcrafted-stone-stand,4351074138,Chiseled Travertine Jewelry Display Stand - Handcrafted Stone stand,Style,D,,,102.00,,
chiseled-travertine-jewelry-display-stand-handcrafted-stone-stand,4351074138,Chiseled Travertine Jewelry Display Stand - Handcrafted Stone stand,Style,E,,,93.50,,
chiseled-travertine-jewelry-display-stand-handcrafted-stone-stand,4351074138,Chiseled Travertine Jewelry Display Stand - Handcrafted Stone stand,Style,F,,,119.00,,
chiseled-travertine-mantle-shelf-natural-stone-shelves-invisible-shelf,4456365174,Chiseled Travertine Mantle Shelf - Natural Stone Shelves - Invisible shelf - Mantlepiece,Width,24 Inches,Depth,4 Inches,466.65,,
chiseled-travertine-mantle-shelf-natural-stone-shelves-invisible-shelf,4456365174,Chiseled Travertine Mantle Shelf - Natural Stone Shelves - Invisible shelf - Mantlepiece,Width,24 Inches,Depth,6 Inches,509.15,,
chiseled-travertine-mantle-shelf-natural-stone-shelves-invisible-shelf,4456365174,Chiseled Travertine Mantle Shelf - Natural Stone Shelves - Invisible shelf - Mantlepiece,Width,24 Inches,Depth,8 Inches,551.65,,
chiseled-travertine-mantle-shelf-natural-stone-shelves-invisible-shelf,4456365174,Chiseled Travertine Mantle Shelf - Natural Stone Shelves - Invisible shelf - Mantlepiece,Width,24 Inches,Depth,10 Inches,594.15,,
chiseled-travertine-mantle-shelf-natural-stone-shelves-invisible-shelf,4456365174,Chiseled Travertine Mantle Shelf - Natural Stone Shelves - Invisible shelf - Mantlepiece,Width,26 Inches,Depth,4 Inches,509.15,,
chiseled-travertine-mantle-shelf-natural-stone-shelves-invisible-shelf,4456365174,Chiseled Travertine Mantle Shelf - Natural Stone Shelves - Invisible shelf - Mantlepiece,Width,26 Inches,Depth,6 Inches,594.15,,
chiseled-travertine-mantle-shelf-natural-stone-shelves-invisible-shelf,4456365174,Chiseled Travertine Mantle Shelf - Natural Stone Shelves - Invisible shelf - Mantlepiece,Width,26 Inches,Depth,8 Inches,636.65,,
chiseled-travertine-mantle-shelf-natural-stone-shelves-invisible-shelf,4456365174,Chiseled Travertine Mantle Shelf - Natural Stone Shelves - Invisible shelf - Mantlepiece,Width,26 Inches,Depth,10 Inches,679.15,,
chiseled-travertine-mantle-shelf-natural-stone-shelves-invisible-shelf,4456365174,Chiseled Travertine Mantle Shelf - Natural Stone Shelves - Invisible shelf - Mantlepiece,Width,28 Inches,Depth,4 Inches,552.50,,
chiseled-travertine-mantle-shelf-natural-stone-shelves-invisible-shelf,4456365174,Chiseled Travertine Mantle Shelf - Natural Stone Shelves - Invisible shelf - Mantlepiece,Width,28 Inches,Depth,6 Inches,594.15,,
chiseled-travertine-mantle-shelf-natural-stone-shelves-invisible-shelf,4456365174,Chiseled Travertine Mantle Shelf - Natural Stone Shelves - Invisible shelf - Mantlepiece,Width,28 Inches,Depth,8 Inches,679.15,,
chiseled-travertine-mantle-shelf-natural-stone-shelves-invisible-shelf,4456365174,Chiseled Travertine Mantle Shelf - Natural Stone Shelves - Invisible shelf - Mantlepiece,Width,28 Inches,Depth,10 Inches,764.15,,
chiseled-travertine-mantle-shelf-natural-stone-shelves-invisible-shelf,4456365174,Chiseled Travertine Mantle Shelf - Natural Stone Shelves - Invisible shelf - Mantlepiece,Width,30 Inches,Depth,6 Inches,764.15,,
chiseled-travertine-mantle-shelf-natural-stone-shelves-invisible-shelf,4456365174,Chiseled Travertine Mantle Shelf - Natural Stone Shelves - Invisible shelf - Mantlepiece,Width,30 Inches,Depth,8 Inches,721.65,,
chiseled-travertine-mantle-shelf-natural-stone-shelves-invisible-shelf,4456365174,Chiseled Travertine Mantle Shelf - Natural Stone Shelves - Invisible shelf - Mantlepiece,Width,30 Inches,Depth,10 Inches,849.15,,
chiseled-travertine-mantle-shelf-natural-stone-shelves-invisible-shelf,4456365174,Chiseled Travertine Mantle Shelf - Natural Stone Shelves - Invisible shelf - Mantlepiece,Width,32 Inches,Depth,6 Inches,849.15,,
chiseled-travertine-mantle-shelf-natural-stone-shelves-invisible-shelf,4456365174,Chiseled Travertine Mantle Shelf - Natural Stone Shelves - Invisible shelf - Mantlepiece,Width,32 Inches,Depth,8 Inches,891.65,,
chiseled-travertine-mantle-shelf-natural-stone-shelves-invisible-shelf,4456365174,Chiseled Travertine Mantle Shelf - Natural Stone Shelves - Invisible shelf - Mantlepiece,Width,32 Inches,Depth,10 Inches,934.15,,
chiseled-travertine-mantle-shelf-natural-stone-shelves-invisible-shelf,4456365174,Chiseled Travertine Mantle Shelf - Natural Stone Shelves - Invisible shelf - Mantlepiece,Width,34 Inches,Depth,6 Inches,934.15,,
chiseled-travertine-mantle-shelf-natural-stone-shelves-invisible-shelf,4456365174,Chiseled Travertine Mantle Shelf - Natural Stone Shelves - Invisible shelf - Mantlepiece,Width,34 Inches,Depth,8 Inches,976.65,,
chiseled-travertine-mantle-shelf-natural-stone-shelves-invisible-shelf,4456365174,Chiseled Travertine Mantle Shelf - Natural Stone Shelves - Invisible shelf - Mantlepiece,Width,34 Inches,Depth,10 Inches,1019.15,,
chiseled-travertine-mantle-shelf-natural-stone-shelves-invisible-shelf,4456365174,Chiseled Travertine Mantle Shelf - Natural Stone Shelves - Invisible shelf - Mantlepiece,Width,36 Inches,Depth,6 Inches,1019.15,,
chiseled-travertine-mantle-shelf-natural-stone-shelves-invisible-shelf,4456365174,Chiseled Travertine Mantle Shelf - Natural Stone Shelves - Invisible shelf - Mantlepiece,Width,36 Inches,Depth,8 Inches,1019.15,,
chiseled-travertine-mantle-shelf-natural-stone-shelves-invisible-shelf,4456365174,Chiseled Travertine Mantle Shelf - Natural Stone Shelves - Invisible shelf - Mantlepiece,Width,36 Inches,Depth,10 Inches,1104.15,,
chiseled-travertine-mantle-shelf-natural-stone-shelves-invisible-shelf,4456365174,Chiseled Travertine Mantle Shelf - Natural Stone Shelves - Invisible shelf - Mantlepiece,Width,38 Inches,Depth,6 Inches,1104.15,,
chiseled-travertine-mantle-shelf-natural-stone-shelves-invisible-shelf,4456365174,Chiseled Travertine Mantle Shelf - Natural Stone Shelves - Invisible shelf - Mantlepiece,Width,38 Inches,Depth,8 Inches,1189.15,,
chiseled-travertine-mantle-shelf-natural-stone-shelves-invisible-shelf,4456365174,Chiseled Travertine Mantle Shelf - Natural Stone Shelves - Invisible shelf - Mantlepiece,Width,38 Inches,Depth,10 Inches,1274.15,,
chiseled-travertine-mantle-shelf-natural-stone-shelves-invisible-shelf,4456365174,Chiseled Travertine Mantle Shelf - Natural Stone Shelves - Invisible shelf - Mantlepiece,Width,40 Inches,Depth,6 Inches,1189.15,,
chiseled-travertine-mantle-shelf-natural-stone-shelves-invisible-shelf,4456365174,Chiseled Travertine Mantle Shelf - Natural Stone Shelves - Invisible shelf - Mantlepiece,Width,40 Inches,Depth,8 Inches,1274.15,,
chiseled-travertine-mantle-shelf-natural-stone-shelves-invisible-shelf,4456365174,Chiseled Travertine Mantle Shelf - Natural Stone Shelves - Invisible shelf - Mantlepiece,Width,40 Inches,Depth,10 Inches,1359.15,,
chiseled-travertine-mantle-shelf-natural-stone-shelves-invisible-shelf,4456365174,Chiseled Travertine Mantle Shelf - Natural Stone Shelves - Invisible shelf - Mantlepiece,Width,42 Inches,Depth,4 Inches,1189.15,,
chiseled-travertine-mantle-shelf-natural-stone-shelves-invisible-shelf,4456365174,Chiseled Travertine Mantle Shelf - Natural Stone Shelves - Invisible shelf - Mantlepiece,Width,42 Inches,Depth,6 Inches,1274.15,,
chiseled-travertine-mantle-shelf-natural-stone-shelves-invisible-shelf,4456365174,Chiseled Travertine Mantle Shelf - Natural Stone Shelves - Invisible shelf - Mantlepiece,Width,42 Inches,Depth,8 Inches,1359.15,,
chiseled-travertine-mantle-shelf-natural-stone-shelves-invisible-shelf,4456365174,Chiseled Travertine Mantle Shelf - Natural Stone Shelves - Invisible shelf - Mantlepiece,Width,42 Inches,Depth,10 Inches,1444.15,,
chiseled-travertine-mantle-shelf-natural-stone-shelves-invisible-shelf,4456365174,Chiseled Travertine Mantle Shelf - Natural Stone Shelves - Invisible shelf - Mantlepiece,Width,44 Inches,Depth,6 Inches,1359.15,,
chiseled-travertine-mantle-shelf-natural-stone-shelves-invisible-shelf,4456365174,Chiseled Travertine Mantle Shelf - Natural Stone Shelves - Invisible shelf - Mantlepiece,Width,44 Inches,Depth,8 Inches,1444.15,,
chiseled-travertine-mantle-shelf-natural-stone-shelves-invisible-shelf,4456365174,Chiseled Travertine Mantle Shelf - Natural Stone Shelves - Invisible shelf - Mantlepiece,Width,44 Inches,Depth,10 Inches,1529.15,,
chiseled-travertine-mantle-shelf-natural-stone-shelves-invisible-shelf,4456365174,Chiseled Travertine Mantle Shelf - Natural Stone Shelves - Invisible shelf - Mantlepiece,Width,46 Inches,Depth,6 Inches,1444.15,,
chiseled-travertine-mantle-shelf-natural-stone-shelves-invisible-shelf,4456365174,Chiseled Travertine Mantle Shelf - Natural Stone Shelves - Invisible shelf - Mantlepiece,Width,46 Inches,Depth,8 Inches,1529.15,,
chiseled-travertine-mantle-shelf-natural-stone-shelves-invisible-shelf,4456365174,Chiseled Travertine Mantle Shelf - Natural Stone Shelves - Invisible shelf - Mantlepiece,Width,46 Inches,Depth,10 Inches,1614.15,,
chiseled-travertine-mantle-shelf-natural-stone-shelves-invisible-shelf,4456365174,Chiseled Travertine Mantle Shelf - Natural Stone Shelves - Invisible shelf - Mantlepiece,Width,50 Inches,Depth,6 Inches,1529.15,,
chiseled-travertine-mantle-shelf-natural-stone-shelves-invisible-shelf,4456365174,Chiseled Travertine Mantle Shelf - Natural Stone Shelves - Invisible shelf - Mantlepiece,Width,50 Inches,Depth,8 Inches,1614.15,,
chiseled-travertine-mantle-shelf-natural-stone-shelves-invisible-shelf,4456365174,Chiseled Travertine Mantle Shelf - Natural Stone Shelves - Invisible shelf - Mantlepiece,Width,50 Inches,Depth,10 Inches,1699.15,,
chiseled-travertine-mantle-shelf-natural-stone-shelves-invisible-shelf,4456365174,Chiseled Travertine Mantle Shelf - Natural Stone Shelves - Invisible shelf - Mantlepiece,Width,52 Inches,Depth,6 Inches,1614.15,,
chiseled-travertine-mantle-shelf-natural-stone-shelves-invisible-shelf,4456365174,Chiseled Travertine Mantle Shelf - Natural Stone Shelves - Invisible shelf - Mantlepiece,Width,52 Inches,Depth,8 Inches,1699.15,,
chiseled-travertine-mantle-shelf-natural-stone-shelves-invisible-shelf,4456365174,Chiseled Travertine Mantle Shelf - Natural Stone Shelves - Invisible shelf - Mantlepiece,Width,52 Inches,Depth,10 Inches,1784.15,,
chiseled-travertine-mantle-shelf-natural-stone-shelves-invisible-shelf,4456365174,Chiseled Travertine Mantle Shelf - Natural Stone Shelves - Invisible shelf - Mantlepiece,Width,54 Inches,Depth,6 Inches,1699.15,,
chiseled-travertine-mantle-shelf-natural-stone-shelves-invisible-shelf,4456365174,Chiseled Travertine Mantle Shelf - Natural Stone Shelves - Invisible shelf - Mantlepiece,Width,54 Inches,Depth,8 Inches,1784.15,,
chiseled-travertine-mantle-shelf-natural-stone-shelves-invisible-shelf,4456365174,Chiseled Travertine Mantle Shelf - Natural Stone Shelves - Invisible shelf - Mantlepiece,Width,54 Inches,Depth,10 Inches,1869.15,,
chiseled-travertine-mantle-shelf-natural-stone-shelves-invisible-shelf,4456365174,Chiseled Travertine Mantle Shelf - Natural Stone Shelves - Invisible shelf - Mantlepiece,Width,56 Inches,Depth,6 Inches,1784.15,,
chiseled-travertine-mantle-shelf-natural-stone-shelves-invisible-shelf,4456365174,Chiseled Travertine Mantle Shelf - Natural Stone Shelves - Invisible shelf - Mantlepiece,Width,56 Inches,Depth,8 Inches,1869.15,,
chiseled-travertine-mantle-shelf-natural-stone-shelves-invisible-shelf,4456365174,Chiseled Travertine Mantle Shelf - Natural Stone Shelves - Invisible shelf - Mantlepiece,Width,56 Inches,Depth,10 Inches,1954.15,,
chiseled-travertine-mantle-shelf-natural-stone-shelves-invisible-shelf,4456365174,Chiseled Travertine Mantle Shelf - Natural Stone Shelves - Invisible shelf - Mantlepiece,Width,58 Inches,Depth,6 Inches,1954.15,,
chiseled-travertine-mantle-shelf-natural-stone-shelves-invisible-shelf,4456365174,Chiseled Travertine Mantle Shelf - Natural Stone Shelves - Invisible shelf - Mantlepiece,Width,58 Inches,Depth,8 Inches,2039.15,,
chiseled-travertine-mantle-shelf-natural-stone-shelves-invisible-shelf,4456365174,Chiseled Travertine Mantle Shelf - Natural Stone Shelves - Invisible shelf - Mantlepiece,Width,58 Inches,Depth,10 Inches,2124.15,,
chiseled-travertine-mantle-shelf-natural-stone-shelves-invisible-shelf,4456365174,Chiseled Travertine Mantle Shelf - Natural Stone Shelves - Invisible shelf - Mantlepiece,Width,60 Inches,Depth,6 Inches,2039.15,,
chiseled-travertine-mantle-shelf-natural-stone-shelves-invisible-shelf,4456365174,Chiseled Travertine Mantle Shelf - Natural Stone Shelves - Invisible shelf - Mantlepiece,Width,60 Inches,Depth,8 Inches,2124.15,,
chiseled-travertine-mantle-shelf-natural-stone-shelves-invisible-shelf,4456365174,Chiseled Travertine Mantle Shelf - Natural Stone Shelves - Invisible shelf - Mantlepiece,Width,60 Inches,Depth,10 Inches,2209.15,,
chiseled-travertine-river-floating-shelf-natural-stone-shelves-invisib,4463657330,Chiseled Travertine River Floating Shelf - Natural Stone Shelves - Invisible Shelves,Width,32 Inches,Depth,8 Inches,1606.50,,
chiseled-travertine-river-floating-shelf-natural-stone-shelves-invisib,4463657330,Chiseled Travertine River Floating Shelf - Natural Stone Shelves - Invisible Shelves,Width,32 Inches,Depth,10 Inches,1691.50,,
chiseled-travertine-river-floating-shelf-natural-stone-shelves-invisib,4463657330,Chiseled Travertine River Floating Shelf - Natural Stone Shelves - Invisible Shelves,Width,34 Inches,Depth,8 Inches,1691.50,,
chiseled-travertine-river-floating-shelf-natural-stone-shelves-invisib,4463657330,Chiseled Travertine River Floating Shelf - Natural Stone Shelves - Invisible Shelves,Width,34 Inches,Depth,10 Inches,1776.50,,
chiseled-travertine-river-floating-shelf-natural-stone-shelves-invisib,4463657330,Chiseled Travertine River Floating Shelf - Natural Stone Shelves - Invisible Shelves,Width,36 Inches,Depth,8 Inches,1776.50,,
chiseled-travertine-river-floating-shelf-natural-stone-shelves-invisib,4463657330,Chiseled Travertine River Floating Shelf - Natural Stone Shelves - Invisible Shelves,Width,36 Inches,Depth,10 Inches,1861.50,,
chiseled-travertine-river-floating-shelf-natural-stone-shelves-invisib,4463657330,Chiseled Travertine River Floating Shelf - Natural Stone Shelves - Invisible Shelves,Width,38 Inches,Depth,8 Inches,1861.50,,
chiseled-travertine-river-floating-shelf-natural-stone-shelves-invisib,4463657330,Chiseled Travertine River Floating Shelf - Natural Stone Shelves - Invisible Shelves,Width,38 Inches,Depth,10 Inches,1946.50,,
chiseled-travertine-river-floating-shelf-natural-stone-shelves-invisib,4463657330,Chiseled Travertine River Floating Shelf - Natural Stone Shelves - Invisible Shelves,Width,40 Inches,Depth,8 Inches,1946.50,,
chiseled-travertine-river-floating-shelf-natural-stone-shelves-invisib,4463657330,Chiseled Travertine River Floating Shelf - Natural Stone Shelves - Invisible Shelves,Width,40 Inches,Depth,10 Inches,2031.50,,
chiseled-travertine-river-floating-shelf-natural-stone-shelves-invisib,4463657330,Chiseled Travertine River Floating Shelf - Natural Stone Shelves - Invisible Shelves,Width,30 Inches,Depth,8 Inches,1521.50,,
chiseled-travertine-river-floating-shelf-natural-stone-shelves-invisib,4463657330,Chiseled Travertine River Floating Shelf - Natural Stone Shelves - Invisible Shelves,Width,30 Inches,Depth,10 Inches,1606.50,,
chiseled-travertine-stone-dining-table-natural-luxury,4299869589,Chiseled Travertine Stone Dining Table: Natural Luxury,Width,80 Inches,color,Cream,13590.65,,
chiseled-travertine-stone-dining-table-natural-luxury,4299869589,Chiseled Travertine Stone Dining Table: Natural Luxury,Width,80 Inches,color,Linen Beige,13590.65,,
chiseled-travertine-stone-dining-table-natural-luxury,4299869589,Chiseled Travertine Stone Dining Table: Natural Luxury,Width,80 Inches,color,Frosted white pink,13590.65,,
chiseled-travertine-stone-dining-table-natural-luxury,4299869589,Chiseled Travertine Stone Dining Table: Natural Luxury,Width,90 Inches,color,Cream,14440.65,,
chiseled-travertine-stone-dining-table-natural-luxury,4299869589,Chiseled Travertine Stone Dining Table: Natural Luxury,Width,90 Inches,color,Linen Beige,14440.65,,
chiseled-travertine-stone-dining-table-natural-luxury,4299869589,Chiseled Travertine Stone Dining Table: Natural Luxury,Width,90 Inches,color,Frosted white pink,14440.65,,
chiseled-travertine-stone-dining-table-natural-luxury,4299869589,Chiseled Travertine Stone Dining Table: Natural Luxury,Width,100 Inches,color,Cream,15290.65,,
chiseled-travertine-stone-dining-table-natural-luxury,4299869589,Chiseled Travertine Stone Dining Table: Natural Luxury,Width,100 Inches,color,Linen Beige,15290.65,,
chiseled-travertine-stone-dining-table-natural-luxury,4299869589,Chiseled Travertine Stone Dining Table: Natural Luxury,Width,100 Inches,color,Frosted white pink,15290.65,,
chiseled-travertine-stone-dining-table-natural-luxury,4299869589,Chiseled Travertine Stone Dining Table: Natural Luxury,Width,110 Inches,color,Cream,16140.65,,
chiseled-travertine-stone-dining-table-natural-luxury,4299869589,Chiseled Travertine Stone Dining Table: Natural Luxury,Width,110 Inches,color,Linen Beige,16140.65,,
chiseled-travertine-stone-dining-table-natural-luxury,4299869589,Chiseled Travertine Stone Dining Table: Natural Luxury,Width,110 Inches,color,Frosted white pink,16140.65,,
chiseled-travertine-stone-dining-table-natural-luxury,4299869589,Chiseled Travertine Stone Dining Table: Natural Luxury,Width,120 Inches,color,Cream,16914.15,,
chiseled-travertine-stone-dining-table-natural-luxury,4299869589,Chiseled Travertine Stone Dining Table: Natural Luxury,Width,120 Inches,color,Linen Beige,16914.15,,
chiseled-travertine-stone-dining-table-natural-luxury,4299869589,Chiseled Travertine Stone Dining Table: Natural Luxury,Width,120 Inches,color,Frosted white pink,16914.15,,
chiseled-travertine-fireplace-hearth-natural-stone-hearth-hearthstone,4521569087,Chiseled Travertine fireplace hearth - Natural Stone hearth - Hearthstone,Width,50 Inches,Depth,16 Inches,3315.00,,
chiseled-travertine-fireplace-hearth-natural-stone-hearth-hearthstone,4521569087,Chiseled Travertine fireplace hearth - Natural Stone hearth - Hearthstone,Width,50 Inches,Depth,18 Inches,3485.00,,
chiseled-travertine-fireplace-hearth-natural-stone-hearth-hearthstone,4521569087,Chiseled Travertine fireplace hearth - Natural Stone hearth - Hearthstone,Width,50 Inches,Depth,20 Inches,3655.00,,
chiseled-travertine-fireplace-hearth-natural-stone-hearth-hearthstone,4521569087,Chiseled Travertine fireplace hearth - Natural Stone hearth - Hearthstone,Width,60 Inches,Depth,16 Inches,3655.00,,
chiseled-travertine-fireplace-hearth-natural-stone-hearth-hearthstone,4521569087,Chiseled Travertine fireplace hearth - Natural Stone hearth - Hearthstone,Width,60 Inches,Depth,18 Inches,3825.00,,
chiseled-travertine-fireplace-hearth-natural-stone-hearth-hearthstone,4521569087,Chiseled Travertine fireplace hearth - Natural Stone hearth - Hearthstone,Width,60 Inches,Depth,20 Inches,3995.00,,
chiseled-travertine-fireplace-hearth-natural-stone-hearth-hearthstone,4521569087,Chiseled Travertine fireplace hearth - Natural Stone hearth - Hearthstone,Width,70 Inches,Depth,16 Inches,4165.00,,
chiseled-travertine-fireplace-hearth-natural-stone-hearth-hearthstone,4521569087,Chiseled Travertine fireplace hearth - Natural Stone hearth - Hearthstone,Width,70 Inches,Depth,18 Inches,4335.00,,
chiseled-travertine-fireplace-hearth-natural-stone-hearth-hearthstone,4521569087,Chiseled Travertine fireplace hearth - Natural Stone hearth - Hearthstone,Width,70 Inches,Depth,20 Inches,4505.00,,
chiseled-travertine-fireplace-hearth-natural-stone-hearth-hearthstone,4521569087,Chiseled Travertine fireplace hearth - Natural Stone hearth - Hearthstone,Width,80 Inches,Depth,16 Inches,4675.00,,
chiseled-travertine-fireplace-hearth-natural-stone-hearth-hearthstone,4521569087,Chiseled Travertine fireplace hearth - Natural Stone hearth - Hearthstone,Width,80 Inches,Depth,18 Inches,4845.00,,
chiseled-travertine-fireplace-hearth-natural-stone-hearth-hearthstone,4521569087,Chiseled Travertine fireplace hearth - Natural Stone hearth - Hearthstone,Width,80 Inches,Depth,20 Inches,5015.00,,
chiseled-travertine-fireplace-hearth-natural-stone-hearth-hearthstone,4521569087,Chiseled Travertine fireplace hearth - Natural Stone hearth - Hearthstone,Width,90 Inches,Depth,16 Inches,5185.00,,
chiseled-travertine-fireplace-hearth-natural-stone-hearth-hearthstone,4521569087,Chiseled Travertine fireplace hearth - Natural Stone hearth - Hearthstone,Width,90 Inches,Depth,18 Inches,5355.00,,
chiseled-travertine-fireplace-hearth-natural-stone-hearth-hearthstone,4521569087,Chiseled Travertine fireplace hearth - Natural Stone hearth - Hearthstone,Width,90 Inches,Depth,20 Inches,5525.00,,
chiseled-travertine-live-edge-floating-shelf-natural-stone-shelves-inv,1728210256,Chiseled Travertine live edge floating shelf - Natural Stone Shelves - Invisible Shelves,Width,16 Inches,Depth,6 Inches,331.50,,
chiseled-travertine-live-edge-floating-shelf-natural-stone-shelves-inv,1728210256,Chiseled Travertine live edge floating shelf - Natural Stone Shelves - Invisible Shelves,Width,16 Inches,Depth,8 Inches,374.00,,
chiseled-travertine-live-edge-floating-shelf-natural-stone-shelves-inv,1728210256,Chiseled Travertine live edge floating shelf - Natural Stone Shelves - Invisible Shelves,Width,16 Inches,Depth,10 Inches,403.75,,
chiseled-travertine-live-edge-floating-shelf-natural-stone-shelves-inv,1728210256,Chiseled Travertine live edge floating shelf - Natural Stone Shelves - Invisible Shelves,Width,18 Inches,Depth,6 Inches,340.00,,
chiseled-travertine-live-edge-floating-shelf-natural-stone-shelves-inv,1728210256,Chiseled Travertine live edge floating shelf - Natural Stone Shelves - Invisible Shelves,Width,18 Inches,Depth,8 Inches,382.50,,
chiseled-travertine-live-edge-floating-shelf-natural-stone-shelves-inv,1728210256,Chiseled Travertine live edge floating shelf - Natural Stone Shelves - Invisible Shelves,Width,18 Inches,Depth,10 Inches,416.50,,
chiseled-travertine-live-edge-floating-shelf-natural-stone-shelves-inv,1728210256,Chiseled Travertine live edge floating shelf - Natural Stone Shelves - Invisible Shelves,Width,20 Inches,Depth,6 Inches,357.00,,
chiseled-travertine-live-edge-floating-shelf-natural-stone-shelves-inv,1728210256,Chiseled Travertine live edge floating shelf - Natural Stone Shelves - Invisible Shelves,Width,20 Inches,Depth,8 Inches,403.75,,
chiseled-travertine-live-edge-floating-shelf-natural-stone-shelves-inv,1728210256,Chiseled Travertine live edge floating shelf - Natural Stone Shelves - Invisible Shelves,Width,20 Inches,Depth,10 Inches,425.00,,
chiseled-travertine-live-edge-floating-shelf-natural-stone-shelves-inv,1728210256,Chiseled Travertine live edge floating shelf - Natural Stone Shelves - Invisible Shelves,Width,22 Inches,Depth,6 Inches,365.50,,
chiseled-travertine-live-edge-floating-shelf-natural-stone-shelves-inv,1728210256,Chiseled Travertine live edge floating shelf - Natural Stone Shelves - Invisible Shelves,Width,22 Inches,Depth,8 Inches,416.50,,
chiseled-travertine-live-edge-floating-shelf-natural-stone-shelves-inv,1728210256,Chiseled Travertine live edge floating shelf - Natural Stone Shelves - Invisible Shelves,Width,22 Inches,Depth,10 Inches,463.25,,
chiseled-travertine-live-edge-floating-shelf-natural-stone-shelves-inv,1728210256,Chiseled Travertine live edge floating shelf - Natural Stone Shelves - Invisible Shelves,Width,24 Inches,Depth,6 Inches,416.50,,
chiseled-travertine-live-edge-floating-shelf-natural-stone-shelves-inv,1728210256,Chiseled Travertine live edge floating shelf - Natural Stone Shelves - Invisible Shelves,Width,24 Inches,Depth,8 Inches,450.50,,
chiseled-travertine-live-edge-floating-shelf-natural-stone-shelves-inv,1728210256,Chiseled Travertine live edge floating shelf - Natural Stone Shelves - Invisible Shelves,Width,24 Inches,Depth,10 Inches,488.75,,
chiseled-travertine-live-edge-floating-shelf-natural-stone-shelves-inv,1728210256,Chiseled Travertine live edge floating shelf - Natural Stone Shelves - Invisible Shelves,Width,26 Inches,Depth,6 Inches,467.50,,
chiseled-travertine-live-edge-floating-shelf-natural-stone-shelves-inv,1728210256,Chiseled Travertine live edge floating shelf - Natural Stone Shelves - Invisible Shelves,Width,26 Inches,Depth,8 Inches,510.00,,
chiseled-travertine-live-edge-floating-shelf-natural-stone-shelves-inv,1728210256,Chiseled Travertine live edge floating shelf - Natural Stone Shelves - Invisible Shelves,Width,26 Inches,Depth,10 Inches,544.00,,
chiseled-travertine-live-edge-floating-shelf-natural-stone-shelves-inv,1728210256,Chiseled Travertine live edge floating shelf - Natural Stone Shelves - Invisible Shelves,Width,28 Inches,Depth,6 Inches,510.00,,
chiseled-travertine-live-edge-floating-shelf-natural-stone-shelves-inv,1728210256,Chiseled Travertine live edge floating shelf - Natural Stone Shelves - Invisible Shelves,Width,28 Inches,Depth,8 Inches,552.50,,
chiseled-travertine-live-edge-floating-shelf-natural-stone-shelves-inv,1728210256,Chiseled Travertine live edge floating shelf - Natural Stone Shelves - Invisible Shelves,Width,28 Inches,Depth,10 Inches,595.00,,
chiseled-travertine-live-edge-floating-shelf-natural-stone-shelves-inv,1728210256,Chiseled Travertine live edge floating shelf - Natural Stone Shelves - Invisible Shelves,Width,30 Inches,Depth,6 Inches,552.50,,
chiseled-travertine-live-edge-floating-shelf-natural-stone-shelves-inv,1728210256,Chiseled Travertine live edge floating shelf - Natural Stone Shelves - Invisible Shelves,Width,30 Inches,Depth,8 Inches,595.00,,
chiseled-travertine-live-edge-floating-shelf-natural-stone-shelves-inv,1728210256,Chiseled Travertine live edge floating shelf - Natural Stone Shelves - Invisible Shelves,Width,30 Inches,Depth,10 Inches,637.50,,
chiseled-travertine-live-edge-vanity-shelf,1573716404,Chiseled travertine live edge vanity shelf,travertine vanity,+ traverine shelf,,,382.50,,
chiseled-travertine-live-edge-vanity-shelf,1573716404,Chiseled travertine live edge vanity shelf,travertine vanity,+ travertine +walnut,,,4249.15,,
chiseled-travertine-live-edge-vanity-shelf,1573716404,Chiseled travertine live edge vanity shelf,travertine vanity,vanity,,,2889.15,,
cream-travertine-candle-holder-with-rough-edges-for-3-inch-candles,1899331121,Cream travertine candle holder with rough edges for 3 inch candles.,,,,,93.50,,1899331121
custom-order-for-candice,4466332652,Custom order for Candice,,,,,1763.00,,4466332652
custom-order-for-shannon,4459676740,Custom order for Shannon,,,,,1200.00,,4459676740
custom-order-for-tammy,4508863251,Custom order for Tammy,,,,,120.00,,4508863251
elegant-travertine-card-holder-wedding-table-decor,4457648327,Elegant Travertine Card Holder - Wedding Table Decor,size,2 inch,,,25.50,,
elegant-travertine-card-holder-wedding-table-decor,4457648327,Elegant Travertine Card Holder - Wedding Table Decor,size,3 inch,,,33.15,,
elegant-travertine-card-holder-wedding-table-decor,4457648327,Elegant Travertine Card Holder - Wedding Table Decor,size,4 inch,,,38.25,,
elegant-travertine-card-holder-wedding-table-decor,4457648327,Elegant Travertine Card Holder - Wedding Table Decor,size,5 inch,,,38.25,,
elegant-travertine-card-holder-wedding-table-decor,4457648327,Elegant Travertine Card Holder - Wedding Table Decor,size,6 inch,,,42.50,,
elegant-travertine-card-holder-wedding-table-decor,4457648327,Elegant Travertine Card Holder - Wedding Table Decor,size,Set of 3,,,84.15,,
elegant-travertine-card-holder-wedding-table-decor,4457648327,Elegant Travertine Card Holder - Wedding Table Decor,size,Set of 5,,,123.25,,
handcrafted-asymmetrical-pebble-mirror-wabi-sabi-wall-decor,1755589491,Handcrafted Asymmetrical Pebble Mirror: Wabi Sabi Wall Decor,size option,30x15,led lighting,warm white 2700k,636.65,,
handcrafted-asymmetrical-pebble-mirror-wabi-sabi-wall-decor,1755589491,Handcrafted Asymmetrical Pebble Mirror: Wabi Sabi Wall Decor,size option,30x15,led lighting,natural white 5000k,636.65,,
handcrafted-asymmetrical-pebble-mirror-wabi-sabi-wall-decor,1755589491,Handcrafted Asymmetrical Pebble Mirror: Wabi Sabi Wall Decor,size option,30x15,led lighting,cool white 6000k,636.65,,
handcrafted-asymmetrical-pebble-mirror-wabi-sabi-wall-decor,1755589491,Handcrafted Asymmetrical Pebble Mirror: Wabi Sabi Wall Decor,size option,30x15,led lighting,no led lighting,594.15,,
handcrafted-asymmetrical-pebble-mirror-wabi-sabi-wall-decor,1755589491,Handcrafted Asymmetrical Pebble Mirror: Wabi Sabi Wall Decor,size option,35x19,led lighting,warm white 2700k,721.65,,
handcrafted-asymmetrical-pebble-mirror-wabi-sabi-wall-decor,1755589491,Handcrafted Asymmetrical Pebble Mirror: Wabi Sabi Wall Decor,size option,35x19,led lighting,natural white 5000k,721.65,,
handcrafted-asymmetrical-pebble-mirror-wabi-sabi-wall-decor,1755589491,Handcrafted Asymmetrical Pebble Mirror: Wabi Sabi Wall Decor,size option,35x19,led lighting,cool white 6000k,721.65,,
handcrafted-asymmetrical-pebble-mirror-wabi-sabi-wall-decor,1755589491,Handcrafted Asymmetrical Pebble Mirror: Wabi Sabi Wall Decor,size option,35x19,led lighting,no led lighting,679.15,,
handcrafted-asymmetrical-pebble-mirror-wabi-sabi-wall-decor,1755589491,Handcrafted Asymmetrical Pebble Mirror: Wabi Sabi Wall Decor,size option,40x21,led lighting,warm white 2700k,806.65,,
handcrafted-asymmetrical-pebble-mirror-wabi-sabi-wall-decor,1755589491,Handcrafted Asymmetrical Pebble Mirror: Wabi Sabi Wall Decor,size option,40x21,led lighting,natural white 5000k,806.65,,
handcrafted-asymmetrical-pebble-mirror-wabi-sabi-wall-decor,1755589491,Handcrafted Asymmetrical Pebble Mirror: Wabi Sabi Wall Decor,size option,40x21,led lighting,cool white 6000k,806.65,,
handcrafted-asymmetrical-pebble-mirror-wabi-sabi-wall-decor,1755589491,Handcrafted Asymmetrical Pebble Mirror: Wabi Sabi Wall Decor,size option,40x21,led lighting,no led lighting,764.15,,
handcrafted-asymmetrical-pebble-mirror-wabi-sabi-wall-decor,1755589491,Handcrafted Asymmetrical Pebble Mirror: Wabi Sabi Wall Decor,size option,45x23,led lighting,warm white 2700k,891.65,,
handcrafted-asymmetrical-pebble-mirror-wabi-sabi-wall-decor,1755589491,Handcrafted Asymmetrical Pebble Mirror: Wabi Sabi Wall Decor,size option,45x23,led lighting,natural white 5000k,891.65,,
handcrafted-asymmetrical-pebble-mirror-wabi-sabi-wall-decor,1755589491,Handcrafted Asymmetrical Pebble Mirror: Wabi Sabi Wall Decor,size option,45x23,led lighting,cool white 6000k,891.65,,
handcrafted-asymmetrical-pebble-mirror-wabi-sabi-wall-decor,1755589491,Handcrafted Asymmetrical Pebble Mirror: Wabi Sabi Wall Decor,size option,45x23,led lighting,no led lighting,849.15,,
handcrafted-asymmetrical-pebble-mirror-wabi-sabi-wall-decor,1755589491,Handcrafted Asymmetrical Pebble Mirror: Wabi Sabi Wall Decor,size option,50x26,led lighting,warm white 2700k,976.65,,
handcrafted-asymmetrical-pebble-mirror-wabi-sabi-wall-decor,1755589491,Handcrafted Asymmetrical Pebble Mirror: Wabi Sabi Wall Decor,size option,50x26,led lighting,natural white 5000k,976.65,,
handcrafted-asymmetrical-pebble-mirror-wabi-sabi-wall-decor,1755589491,Handcrafted Asymmetrical Pebble Mirror: Wabi Sabi Wall Decor,size option,50x26,led lighting,cool white 6000k,976.65,,
handcrafted-asymmetrical-pebble-mirror-wabi-sabi-wall-decor,1755589491,Handcrafted Asymmetrical Pebble Mirror: Wabi Sabi Wall Decor,size option,50x26,led lighting,no led lighting,934.15,,
handcrafted-asymmetrical-pebble-mirror-wabi-sabi-wall-decor,1755589491,Handcrafted Asymmetrical Pebble Mirror: Wabi Sabi Wall Decor,size option,55x29,led lighting,warm white 2700k,1061.65,,
handcrafted-asymmetrical-pebble-mirror-wabi-sabi-wall-decor,1755589491,Handcrafted Asymmetrical Pebble Mirror: Wabi Sabi Wall Decor,size option,55x29,led lighting,natural white 5000k,1061.65,,
handcrafted-asymmetrical-pebble-mirror-wabi-sabi-wall-decor,1755589491,Handcrafted Asymmetrical Pebble Mirror: Wabi Sabi Wall Decor,size option,55x29,led lighting,cool white 6000k,1061.65,,
handcrafted-asymmetrical-pebble-mirror-wabi-sabi-wall-decor,1755589491,Handcrafted Asymmetrical Pebble Mirror: Wabi Sabi Wall Decor,size option,55x29,led lighting,no led lighting,1019.15,,
handcrafted-asymmetrical-pebble-mirror-wabi-sabi-wall-decor,1755589491,Handcrafted Asymmetrical Pebble Mirror: Wabi Sabi Wall Decor,size option,60x31,led lighting,warm white 2700k,1146.65,,
handcrafted-asymmetrical-pebble-mirror-wabi-sabi-wall-decor,1755589491,Handcrafted Asymmetrical Pebble Mirror: Wabi Sabi Wall Decor,size option,60x31,led lighting,natural white 5000k,1146.65,,
handcrafted-asymmetrical-pebble-mirror-wabi-sabi-wall-decor,1755589491,Handcrafted Asymmetrical Pebble Mirror: Wabi Sabi Wall Decor,size option,60x31,led lighting,cool white 6000k,1146.65,,
handcrafted-asymmetrical-pebble-mirror-wabi-sabi-wall-decor,1755589491,Handcrafted Asymmetrical Pebble Mirror: Wabi Sabi Wall Decor,size option,60x31,led lighting,no led lighting,1104.15,,
handcrafted-asymmetrical-pebble-mirror-wabi-sabi-wall-decor,1755589491,Handcrafted Asymmetrical Pebble Mirror: Wabi Sabi Wall Decor,size option,72x40,led lighting,warm white 2700k,1231.65,,
handcrafted-asymmetrical-pebble-mirror-wabi-sabi-wall-decor,1755589491,Handcrafted Asymmetrical Pebble Mirror: Wabi Sabi Wall Decor,size option,72x40,led lighting,natural white 5000k,1231.65,,
handcrafted-asymmetrical-pebble-mirror-wabi-sabi-wall-decor,1755589491,Handcrafted Asymmetrical Pebble Mirror: Wabi Sabi Wall Decor,size option,72x40,led lighting,cool white 6000k,1231.65,,
handcrafted-asymmetrical-pebble-mirror-wabi-sabi-wall-decor,1755589491,Handcrafted Asymmetrical Pebble Mirror: Wabi Sabi Wall Decor,size option,72x40,led lighting,no led lighting,1189.15,,
handcrafted-boulder-bed-frame-with-river-stone,1715581379,Handcrafted Boulder Bed Frame with River Stone,Bed size,queen US/CA,,,9689.15,,
handcrafted-boulder-bed-frame-with-river-stone,1715581379,Handcrafted Boulder Bed Frame with River Stone,Bed size,King US/CA,,,10539.15,,
handcrafted-boulder-bed-frame-with-river-stone,1715581379,Handcrafted Boulder Bed Frame with River Stone,Bed size,California king US/CA,,,10539.15,,
handcrafted-chiseled-limestone-board-jewelry-tray-candle-plate-12x24x2,1778570362,"Handcrafted Chiseled Limestone Board: Jewelry Tray, Candle Plate (12x24x2 inch)",,,,,403.75,,1778570362
handcrafted-chiseled-travertine-plate-jewelry-candle-pocket-tray,1869100954,"Handcrafted Chiseled Travertine Plate: Jewelry, Candle & Pocket Tray",,,,,403.75,,1869100954
handcrafted-chiseled-travertine-plate-jewelry-candle-pocket-tray,1782552477,"Handcrafted Chiseled Travertine Plate: Jewelry, Candle & Pocket Tray",,,,,403.75,,1782552477
handcrafted-chiseled-travertine-stone-tray-jewelry-candle-pocket-organ,1778575102,"Handcrafted Chiseled Travertine Stone Tray: Jewelry, Candle & Pocket Organizer",,,,,339.15,,1778575102
handcrafted-travertine-stone-plate-trivet-jewelry-tray-organizer,4315597201,"Handcrafted Travertine Stone Plate - Trivet, Jewelry Tray & Organizer",,,,,93.50,,4315597201
handcrafted-travertine-stone-tray-jewelry-candle-desk-organizer,1792088840,"Handcrafted Travertine Stone Tray: Jewelry, Candle & Desk Organizer",style,style A,,,123.25,,
handcrafted-travertine-stone-tray-jewelry-candle-desk-organizer,1792088840,"Handcrafted Travertine Stone Tray: Jewelry, Candle & Desk Organizer",style,style B,,,84.15,,
handcrafted-travertine-stone-tray-jewelry-candle-desk-organizer,1792088840,"Handcrafted Travertine Stone Tray: Jewelry, Candle & Desk Organizer",style,style C,,,63.75,,
handcrafted-travertine-stone-tray-jewelry-candle-pocket-organizer,1807883137,"Handcrafted Travertine Stone Tray: Jewelry, Candle & Pocket Organizer",style,style A,,,211.65,,
handcrafted-travertine-stone-tray-jewelry-candle-pocket-organizer,1807883137,"Handcrafted Travertine Stone Tray: Jewelry, Candle & Pocket Organizer",style,style B,,,169.15,,
handcrafted-travertine-stone-tray-jewelry-candle-pocket-organizer,1807883137,"Handcrafted Travertine Stone Tray: Jewelry, Candle & Pocket Organizer",style,style C,,,169.15,,
handcrafted-travertine-waterfall-console-table-natural-stone-desk,1756017976,Handcrafted Travertine Waterfall Console Table - Natural Stone Desk,Width,40 Inches,,,3484.15,,
handcrafted-travertine-waterfall-console-table-natural-stone-desk,1756017976,Handcrafted Travertine Waterfall Console Table - Natural Stone Desk,Width,50 Inches,,,3569.15,,
handcrafted-travertine-waterfall-console-table-natural-stone-desk,1756017976,Handcrafted Travertine Waterfall Console Table - Natural Stone Desk,Width,60 Inches,,,3654.15,,
handmade-textured-travertine-tray-natural-stone-organizer,4302604447,Handmade Textured Travertine Tray: Natural Stone Organizer,,,,,296.65,,4302604447
handmade-travertine-cutlery-rest-set-rustic-table-decor,1871197736,Handmade Travertine Cutlery Rest Set - Rustic Table Decor,Quantity,6pcs,,,72.25,,
handmade-travertine-cutlery-rest-set-rustic-table-decor,1871197736,Handmade Travertine Cutlery Rest Set - Rustic Table Decor,Quantity,12pcs,,,131.75,,
handmade-travertine-cutlery-rest-set-rustic-table-decor,1871197736,Handmade Travertine Cutlery Rest Set - Rustic Table Decor,Quantity,18pcs,,,182.75,,
handmade-travertine-cutlery-rest-set-rustic-table-decor,1871197736,Handmade Travertine Cutlery Rest Set - Rustic Table Decor,Quantity,24pcs,,,254.15,,
handmade-travertine-cutlery-rest-set-rustic-table-decor,1871197736,Handmade Travertine Cutlery Rest Set - Rustic Table Decor,Quantity,36pcs,,,339.15,,
handmade-travertine-plate-natural-stone-jewelry-tray-candle-holder,1836150358,"Handmade Travertine Plate: Natural Stone Jewelry Tray, Candle Holder",,,,,75.65,,1836150358
handmade-white-marble-wine-rack-luxury-wine-display,1883498627,Handmade White Marble Wine Rack: Luxury Wine Display,,,,,463.25,,1883498627
house-number-travertine-pedestal-column-garden-monolith-stand-home-adr,4381776391,House Number Travertine Pedestal Column - Garden Monolith Stand - Home adress,Height,26 Inches,,,1041.25,,
house-number-travertine-pedestal-column-garden-monolith-stand-home-adr,4381776391,House Number Travertine Pedestal Column - Garden Monolith Stand - Home adress,Height,28 Inches,,,1062.50,,
house-number-travertine-pedestal-column-garden-monolith-stand-home-adr,4381776391,House Number Travertine Pedestal Column - Garden Monolith Stand - Home adress,Height,30 Inches,,,1083.75,,
house-number-travertine-pedestal-column-garden-monolith-stand-home-adr,4381776391,House Number Travertine Pedestal Column - Garden Monolith Stand - Home adress,Height,32 Inches,,,1104.15,,
limestone-floating-shelf-with-chiseled-edges-natural-stone-shelves-inv,1784243508,Limestone Floating shelf with chiseled edges - Natural Stone shelves - Invisible Shelves,Width,16 Inches,Depth,6 Inches,340.00,,
limestone-floating-shelf-with-chiseled-edges-natural-stone-shelves-inv,1784243508,Limestone Floating shelf with chiseled edges - Natural Stone shelves - Invisible Shelves,Width,16 Inches,Depth,8 Inches,382.50,,
limestone-floating-shelf-with-chiseled-edges-natural-stone-shelves-inv,1784243508,Limestone Floating shelf with chiseled edges - Natural Stone shelves - Invisible Shelves,Width,16 Inches,Depth,10 Inches,415.65,,
limestone-floating-shelf-with-chiseled-edges-natural-stone-shelves-inv,1784243508,Limestone Floating shelf with chiseled edges - Natural Stone shelves - Invisible Shelves,Width,18 Inches,Depth,6 Inches,382.50,,
limestone-floating-shelf-with-chiseled-edges-natural-stone-shelves-inv,1784243508,Limestone Floating shelf with chiseled edges - Natural Stone shelves - Invisible Shelves,Width,18 Inches,Depth,8 Inches,424.15,,
limestone-floating-shelf-with-chiseled-edges-natural-stone-shelves-inv,1784243508,Limestone Floating shelf with chiseled edges - Natural Stone shelves - Invisible Shelves,Width,18 Inches,Depth,10 Inches,450.50,,
limestone-floating-shelf-with-chiseled-edges-natural-stone-shelves-inv,1784243508,Limestone Floating shelf with chiseled edges - Natural Stone shelves - Invisible Shelves,Width,20 Inches,Depth,6 Inches,382.50,,
limestone-floating-shelf-with-chiseled-edges-natural-stone-shelves-inv,1784243508,Limestone Floating shelf with chiseled edges - Natural Stone shelves - Invisible Shelves,Width,20 Inches,Depth,8 Inches,424.15,,
limestone-floating-shelf-with-chiseled-edges-natural-stone-shelves-inv,1784243508,Limestone Floating shelf with chiseled edges - Natural Stone shelves - Invisible Shelves,Width,20 Inches,Depth,10 Inches,467.50,,
limestone-floating-shelf-with-chiseled-edges-natural-stone-shelves-inv,1784243508,Limestone Floating shelf with chiseled edges - Natural Stone shelves - Invisible Shelves,Width,22 Inches,Depth,6 Inches,424.15,,
limestone-floating-shelf-with-chiseled-edges-natural-stone-shelves-inv,1784243508,Limestone Floating shelf with chiseled edges - Natural Stone shelves - Invisible Shelves,Width,22 Inches,Depth,8 Inches,459.00,,
limestone-floating-shelf-with-chiseled-edges-natural-stone-shelves-inv,1784243508,Limestone Floating shelf with chiseled edges - Natural Stone shelves - Invisible Shelves,Width,22 Inches,Depth,10 Inches,484.50,,
limestone-floating-shelf-with-chiseled-edges-natural-stone-shelves-inv,1784243508,Limestone Floating shelf with chiseled edges - Natural Stone shelves - Invisible Shelves,Width,24 Inches,Depth,6 Inches,450.50,,
limestone-floating-shelf-with-chiseled-edges-natural-stone-shelves-inv,1784243508,Limestone Floating shelf with chiseled edges - Natural Stone shelves - Invisible Shelves,Width,24 Inches,Depth,8 Inches,476.00,,
limestone-floating-shelf-with-chiseled-edges-natural-stone-shelves-inv,1784243508,Limestone Floating shelf with chiseled edges - Natural Stone shelves - Invisible Shelves,Width,24 Inches,Depth,10 Inches,509.15,,
limestone-floating-shelf-with-chiseled-edges-natural-stone-shelves-inv,1784243508,Limestone Floating shelf with chiseled edges - Natural Stone shelves - Invisible Shelves,Width,26 Inches,Depth,6 Inches,484.50,,
limestone-floating-shelf-with-chiseled-edges-natural-stone-shelves-inv,1784243508,Limestone Floating shelf with chiseled edges - Natural Stone shelves - Invisible Shelves,Width,26 Inches,Depth,8 Inches,518.50,,
limestone-floating-shelf-with-chiseled-edges-natural-stone-shelves-inv,1784243508,Limestone Floating shelf with chiseled edges - Natural Stone shelves - Invisible Shelves,Width,26 Inches,Depth,10 Inches,552.50,,
limestone-floating-shelf-with-chiseled-edges-natural-stone-shelves-inv,1784243508,Limestone Floating shelf with chiseled edges - Natural Stone shelves - Invisible Shelves,Width,28 Inches,Depth,6 Inches,493.00,,
limestone-floating-shelf-with-chiseled-edges-natural-stone-shelves-inv,1784243508,Limestone Floating shelf with chiseled edges - Natural Stone shelves - Invisible Shelves,Width,28 Inches,Depth,8 Inches,535.50,,
limestone-floating-shelf-with-chiseled-edges-natural-stone-shelves-inv,1784243508,Limestone Floating shelf with chiseled edges - Natural Stone shelves - Invisible Shelves,Width,28 Inches,Depth,10 Inches,578.00,,
limestone-floating-shelf-with-chiseled-edges-natural-stone-shelves-inv,1784243508,Limestone Floating shelf with chiseled edges - Natural Stone shelves - Invisible Shelves,Width,30 Inches,Depth,6 Inches,535.50,,
limestone-floating-shelf-with-chiseled-edges-natural-stone-shelves-inv,1784243508,Limestone Floating shelf with chiseled edges - Natural Stone shelves - Invisible Shelves,Width,30 Inches,Depth,8 Inches,561.00,,
limestone-floating-shelf-with-chiseled-edges-natural-stone-shelves-inv,1784243508,Limestone Floating shelf with chiseled edges - Natural Stone shelves - Invisible Shelves,Width,30 Inches,Depth,10 Inches,603.50,,
limestone-coffee-table-stone-table,1790318527,Limestone coffee table - Stone Table,,,,,3229.15,,1790318527
limestone-with-seashell-shells-imprint-pedestal-column,1741402930,Limestone with seashell shells imprint pedestal column,Height,14 Inches,,,442.00,,
limestone-with-seashell-shells-imprint-pedestal-column,1741402930,Limestone with seashell shells imprint pedestal column,Height,16 Inches,,,459.00,,
limestone-with-seashell-shells-imprint-pedestal-column,1741402930,Limestone with seashell shells imprint pedestal column,Height,18 Inches,,,467.50,,
limestone-with-seashell-shells-imprint-pedestal-column,1741402930,Limestone with seashell shells imprint pedestal column,Height,20 Inches,,,476.00,,
limestone-with-seashell-shells-imprint-pedestal-column,1741402930,Limestone with seashell shells imprint pedestal column,Height,22 Inches,,,493.00,,
limestone-with-seashell-shells-imprint-pedestal-column,1741402930,Limestone with seashell shells imprint pedestal column,Height,24 Inches,,,509.15,,
live-edge-wood-floating-shelf-shou-sugi-ban-charred-wood,4378268884,Live Edge Wood Floating Shelf: Shou Sugi Ban Charred wood,Width,22 Inches,Depth,6 Inches,306.00,,
live-edge-wood-floating-shelf-shou-sugi-ban-charred-wood,4378268884,Live Edge Wood Floating Shelf: Shou Sugi Ban Charred wood,Width,22 Inches,Depth,8 Inches,314.50,,
live-edge-wood-floating-shelf-shou-sugi-ban-charred-wood,4378268884,Live Edge Wood Floating Shelf: Shou Sugi Ban Charred wood,Width,22 Inches,Depth,10 Inches,323.00,,
live-edge-wood-floating-shelf-shou-sugi-ban-charred-wood,4378268884,Live Edge Wood Floating Shelf: Shou Sugi Ban Charred wood,Width,24 Inches,Depth,6 Inches,323.00,,
live-edge-wood-floating-shelf-shou-sugi-ban-charred-wood,4378268884,Live Edge Wood Floating Shelf: Shou Sugi Ban Charred wood,Width,24 Inches,Depth,8 Inches,331.50,,
live-edge-wood-floating-shelf-shou-sugi-ban-charred-wood,4378268884,Live Edge Wood Floating Shelf: Shou Sugi Ban Charred wood,Width,24 Inches,Depth,10 Inches,340.00,,
live-edge-wood-floating-shelf-shou-sugi-ban-charred-wood,4378268884,Live Edge Wood Floating Shelf: Shou Sugi Ban Charred wood,Width,26 Inches,Depth,6 Inches,340.00,,
live-edge-wood-floating-shelf-shou-sugi-ban-charred-wood,4378268884,Live Edge Wood Floating Shelf: Shou Sugi Ban Charred wood,Width,26 Inches,Depth,8 Inches,348.50,,
live-edge-wood-floating-shelf-shou-sugi-ban-charred-wood,4378268884,Live Edge Wood Floating Shelf: Shou Sugi Ban Charred wood,Width,26 Inches,Depth,10 Inches,357.00,,
live-edge-wood-floating-shelf-shou-sugi-ban-charred-wood,4378268884,Live Edge Wood Floating Shelf: Shou Sugi Ban Charred wood,Width,28 Inches,Depth,6 Inches,357.00,,
live-edge-wood-floating-shelf-shou-sugi-ban-charred-wood,4378268884,Live Edge Wood Floating Shelf: Shou Sugi Ban Charred wood,Width,28 Inches,Depth,8 Inches,365.50,,
live-edge-wood-floating-shelf-shou-sugi-ban-charred-wood,4378268884,Live Edge Wood Floating Shelf: Shou Sugi Ban Charred wood,Width,28 Inches,Depth,10 Inches,374.00,,
live-edge-wood-floating-shelf-shou-sugi-ban-charred-wood,4378268884,Live Edge Wood Floating Shelf: Shou Sugi Ban Charred wood,Width,30 Inches,Depth,6 Inches,374.00,,
live-edge-wood-floating-shelf-shou-sugi-ban-charred-wood,4378268884,Live Edge Wood Floating Shelf: Shou Sugi Ban Charred wood,Width,30 Inches,Depth,8 Inches,382.50,,
live-edge-wood-floating-shelf-shou-sugi-ban-charred-wood,4378268884,Live Edge Wood Floating Shelf: Shou Sugi Ban Charred wood,Width,30 Inches,Depth,10 Inches,391.00,,
live-edge-wood-floating-shelf-shou-sugi-ban-charred-wood,4378268884,Live Edge Wood Floating Shelf: Shou Sugi Ban Charred wood,Width,32 Inches,Depth,6 Inches,391.00,,
live-edge-wood-floating-shelf-shou-sugi-ban-charred-wood,4378268884,Live Edge Wood Floating Shelf: Shou Sugi Ban Charred wood,Width,32 Inches,Depth,8 Inches,399.50,,
live-edge-wood-floating-shelf-shou-sugi-ban-charred-wood,4378268884,Live Edge Wood Floating Shelf: Shou Sugi Ban Charred wood,Width,32 Inches,Depth,10 Inches,408.00,,
live-edge-wood-floating-shelf-shou-sugi-ban-charred-wood,4378268884,Live Edge Wood Floating Shelf: Shou Sugi Ban Charred wood,Width,34 Inches,Depth,6 Inches,408.00,,
live-edge-wood-floating-shelf-shou-sugi-ban-charred-wood,4378268884,Live Edge Wood Floating Shelf: Shou Sugi Ban Charred wood,Width,34 Inches,Depth,8 Inches,416.50,,
live-edge-wood-floating-shelf-shou-sugi-ban-charred-wood,4378268884,Live Edge Wood Floating Shelf: Shou Sugi Ban Charred wood,Width,34 Inches,Depth,10 Inches,433.50,,
live-edge-wood-floating-shelf-shou-sugi-ban-charred-wood,4378268884,Live Edge Wood Floating Shelf: Shou Sugi Ban Charred wood,Width,36 Inches,Depth,6 Inches,433.50,,
live-edge-wood-floating-shelf-shou-sugi-ban-charred-wood,4378268884,Live Edge Wood Floating Shelf: Shou Sugi Ban Charred wood,Width,36 Inches,Depth,8 Inches,442.00,,
live-edge-wood-floating-shelf-shou-sugi-ban-charred-wood,4378268884,Live Edge Wood Floating Shelf: Shou Sugi Ban Charred wood,Width,36 Inches,Depth,10 Inches,450.50,,
live-edge-wood-floating-shelf-shou-sugi-ban-charred-wood,4378268884,Live Edge Wood Floating Shelf: Shou Sugi Ban Charred wood,Width,38 Inches,Depth,6 Inches,450.50,,
live-edge-wood-floating-shelf-shou-sugi-ban-charred-wood,4378268884,Live Edge Wood Floating Shelf: Shou Sugi Ban Charred wood,Width,38 Inches,Depth,8 Inches,459.00,,
live-edge-wood-floating-shelf-shou-sugi-ban-charred-wood,4378268884,Live Edge Wood Floating Shelf: Shou Sugi Ban Charred wood,Width,38 Inches,Depth,10 Inches,467.50,,
live-edge-wood-floating-shelf-shou-sugi-ban-charred-wood,4378268884,Live Edge Wood Floating Shelf: Shou Sugi Ban Charred wood,Width,40 Inches,Depth,6 Inches,467.50,,
live-edge-wood-floating-shelf-shou-sugi-ban-charred-wood,4378268884,Live Edge Wood Floating Shelf: Shou Sugi Ban Charred wood,Width,40 Inches,Depth,8 Inches,476.00,,
live-edge-wood-floating-shelf-shou-sugi-ban-charred-wood,4378268884,Live Edge Wood Floating Shelf: Shou Sugi Ban Charred wood,Width,40 Inches,Depth,10 Inches,484.50,,
live-edge-wood-floating-shelf-shou-sugi-ban-charred-wood,4378268884,Live Edge Wood Floating Shelf: Shou Sugi Ban Charred wood,Width,42 Inches,Depth,6 Inches,484.50,,
live-edge-wood-floating-shelf-shou-sugi-ban-charred-wood,4378268884,Live Edge Wood Floating Shelf: Shou Sugi Ban Charred wood,Width,42 Inches,Depth,8 Inches,493.00,,
live-edge-wood-floating-shelf-shou-sugi-ban-charred-wood,4378268884,Live Edge Wood Floating Shelf: Shou Sugi Ban Charred wood,Width,42 Inches,Depth,10 Inches,501.50,,
live-edge-wood-floating-shelf-shou-sugi-ban-charred-wood,4378268884,Live Edge Wood Floating Shelf: Shou Sugi Ban Charred wood,Width,44 Inches,Depth,6 Inches,501.50,,
live-edge-wood-floating-shelf-shou-sugi-ban-charred-wood,4378268884,Live Edge Wood Floating Shelf: Shou Sugi Ban Charred wood,Width,44 Inches,Depth,8 Inches,510.00,,
live-edge-wood-floating-shelf-shou-sugi-ban-charred-wood,4378268884,Live Edge Wood Floating Shelf: Shou Sugi Ban Charred wood,Width,44 Inches,Depth,10 Inches,527.00,,
live-edge-wood-floating-shelf-shou-sugi-ban-charred-wood,4378268884,Live Edge Wood Floating Shelf: Shou Sugi Ban Charred wood,Width,46 Inches,Depth,6 Inches,527.00,,
live-edge-wood-floating-shelf-shou-sugi-ban-charred-wood,4378268884,Live Edge Wood Floating Shelf: Shou Sugi Ban Charred wood,Width,46 Inches,Depth,8 Inches,535.50,,
live-edge-wood-floating-shelf-shou-sugi-ban-charred-wood,4378268884,Live Edge Wood Floating Shelf: Shou Sugi Ban Charred wood,Width,46 Inches,Depth,10 Inches,552.50,,
live-edge-wood-floating-shelf-shou-sugi-ban-charred-wood,4378268884,Live Edge Wood Floating Shelf: Shou Sugi Ban Charred wood,Width,48 Inches,Depth,6 Inches,552.50,,
live-edge-wood-floating-shelf-shou-sugi-ban-charred-wood,4378268884,Live Edge Wood Floating Shelf: Shou Sugi Ban Charred wood,Width,48 Inches,Depth,8 Inches,569.50,,
live-edge-wood-floating-shelf-shou-sugi-ban-charred-wood,4378268884,Live Edge Wood Floating Shelf: Shou Sugi Ban Charred wood,Width,48 Inches,Depth,10 Inches,586.50,,
live-edge-wood-floating-shelf-shou-sugi-ban-charred-wood,4378268884,Live Edge Wood Floating Shelf: Shou Sugi Ban Charred wood,Width,50 Inches,Depth,6 Inches,586.50,,
live-edge-wood-floating-shelf-shou-sugi-ban-charred-wood,4378268884,Live Edge Wood Floating Shelf: Shou Sugi Ban Charred wood,Width,50 Inches,Depth,8 Inches,603.50,,
live-edge-wood-floating-shelf-shou-sugi-ban-charred-wood,4378268884,Live Edge Wood Floating Shelf: Shou Sugi Ban Charred wood,Width,50 Inches,Depth,10 Inches,620.50,,
,1777447210,Long Slim 16 Inch Wood Wall Pocket with Preserved Eucalyptus,Primary color,Black Stain,Quantity,Single,54.00,,
,1777447210,Long Slim 16 Inch Wood Wall Pocket with Preserved Eucalyptus,Primary color,Black Stain,Quantity,Set of Two,84.00,,
,1777447210,Long Slim 16 Inch Wood Wall Pocket with Preserved Eucalyptus,Primary color,Black Stain,Quantity,Set of Three,118.00,,
,1777447210,Long Slim 16 Inch Wood Wall Pocket with Preserved Eucalyptus,Primary color,Black Stain,Quantity,Set of Four,156.00,,
,1777447210,Long Slim 16 Inch Wood Wall Pocket with Preserved Eucalyptus,Primary color,Aged Barrel Stain,Quantity,Single,54.00,,
,1777447210,Long Slim 16 Inch Wood Wall Pocket with Preserved Eucalyptus,Primary color,Aged Barrel Stain,Quantity,Set of Two,84.00,,
,1777447210,Long Slim 16 Inch Wood Wall Pocket with Preserved Eucalyptus,Primary color,Aged Barrel Stain,Quantity,Set of Three,118.00,,
,1777447210,Long Slim 16 Inch Wood Wall Pocket with Preserved Eucalyptus,Primary color,Aged Barrel Stain,Quantity,Set of Four,156.00,,
,1777447210,Long Slim 16 Inch Wood Wall Pocket with Preserved Eucalyptus,Primary color,Gray Stain,Quantity,Single,54.00,,
,1777447210,Long Slim 16 Inch Wood Wall Pocket with Preserved Eucalyptus,Primary color,Gray Stain,Quantity,Set of Two,84.00,,
,1777447210,Long Slim 16 Inch Wood Wall Pocket with Preserved Eucalyptus,Primary color,Gray Stain,Quantity,Set of Three,118.00,,
,1777447210,Long Slim 16 Inch Wood Wall Pocket with Preserved Eucalyptus,Primary color,Gray Stain,Quantity,Set of Four,156.00,,
,1777447210,Long Slim 16 Inch Wood Wall Pocket with Preserved Eucalyptus,Primary color,Jacobean Stain,Quantity,Single,54.00,,
,1777447210,Long Slim 16 Inch Wood Wall Pocket with Preserved Eucalyptus,Primary color,Jacobean Stain,Quantity,Set of Two,84.00,,
,1777447210,Long Slim 16 Inch Wood Wall Pocket with Preserved Eucalyptus,Primary color,Jacobean Stain,Quantity,Set of Three,118.00,,
,1777447210,Long Slim 16 Inch Wood Wall Pocket with Preserved Eucalyptus,Primary color,Jacobean Stain,Quantity,Set of Four,156.00,,
,1777447210,Long Slim 16 Inch Wood Wall Pocket with Preserved Eucalyptus,Primary color,English Chestnut Stain,Quantity,Single,54.00,,
,1777447210,Long Slim 16 Inch Wood Wall Pocket with Preserved Eucalyptus,Primary color,English Chestnut Stain,Quantity,Set of Two,84.00,,
,1777447210,Long Slim 16 Inch Wood Wall Pocket with Preserved Eucalyptus,Primary color,English Chestnut Stain,Quantity,Set of Three,118.00,,
,1777447210,Long Slim 16 Inch Wood Wall Pocket with Preserved Eucalyptus,Primary color,English Chestnut Stain,Quantity,Set of Four,156.00,,
,1777447210,Long Slim 16 Inch Wood Wall Pocket with Preserved Eucalyptus,Primary color,Natural Stain,Quantity,Single,54.00,,
,1777447210,Long Slim 16 Inch Wood Wall Pocket with Preserved Eucalyptus,Primary color,Natural Stain,Quantity,Set of Two,84.00,,
,1777447210,Long Slim 16 Inch Wood Wall Pocket with Preserved Eucalyptus,Primary color,Natural Stain,Quantity,Set of Three,118.00,,
,1777447210,Long Slim 16 Inch Wood Wall Pocket with Preserved Eucalyptus,Primary color,Natural Stain,Quantity,Set of Four,156.00,,
,1777447210,Long Slim 16 Inch Wood Wall Pocket with Preserved Eucalyptus,Primary color,Weathered Oak Stain,Quantity,Single,54.00,,
,1777447210,Long Slim 16 Inch Wood Wall Pocket with Preserved Eucalyptus,Primary color,Weathered Oak Stain,Quantity,Set of Two,84.00,,
,1777447210,Long Slim 16 Inch Wood Wall Pocket with Preserved Eucalyptus,Primary color,Weathered Oak Stain,Quantity,Set of Three,118.00,,
,1777447210,Long Slim 16 Inch Wood Wall Pocket with Preserved Eucalyptus,Primary color,Weathered Oak Stain,Quantity,Set of Four,156.00,,
,1777447210,Long Slim 16 Inch Wood Wall Pocket with Preserved Eucalyptus,Primary color,Fruitwood Stain,Quantity,Single,54.00,,
,1777447210,Long Slim 16 Inch Wood Wall Pocket with Preserved Eucalyptus,Primary color,Fruitwood Stain,Quantity,Set of Two,84.00,,
,1777447210,Long Slim 16 Inch Wood Wall Pocket with Preserved Eucalyptus,Primary color,Fruitwood Stain,Quantity,Set of Three,118.00,,
,1777447210,Long Slim 16 Inch Wood Wall Pocket with Preserved Eucalyptus,Primary color,Fruitwood Stain,Quantity,Set of Four,156.00,,
,1777447210,Long Slim 16 Inch Wood Wall Pocket with Preserved Eucalyptus,Primary color,Special Walnut Stain,Quantity,Single,54.00,,
,1777447210,Long Slim 16 Inch Wood Wall Pocket with Preserved Eucalyptus,Primary color,Special Walnut Stain,Quantity,Set of Two,84.00,,
,1777447210,Long Slim 16 Inch Wood Wall Pocket with Preserved Eucalyptus,Primary color,Special Walnut Stain,Quantity,Set of Three,118.00,,
,1777447210,Long Slim 16 Inch Wood Wall Pocket with Preserved Eucalyptus,Primary color,Special Walnut Stain,Quantity,Set of Four,156.00,,
,1777447210,Long Slim 16 Inch Wood Wall Pocket with Preserved Eucalyptus,Primary color,Early American Stain,Quantity,Single,54.00,,
,1777447210,Long Slim 16 Inch Wood Wall Pocket with Preserved Eucalyptus,Primary color,Early American Stain,Quantity,Set of Two,84.00,,
,1777447210,Long Slim 16 Inch Wood Wall Pocket with Preserved Eucalyptus,Primary color,Early American Stain,Quantity,Set of Three,118.00,,
,1777447210,Long Slim 16 Inch Wood Wall Pocket with Preserved Eucalyptus,Primary color,Early American Stain,Quantity,Set of Four,156.00,,
,1777447210,Long Slim 16 Inch Wood Wall Pocket with Preserved Eucalyptus,Primary color,Unstained,Quantity,Single,54.00,,
,1777447210,Long Slim 16 Inch Wood Wall Pocket with Preserved Eucalyptus,Primary color,Unstained,Quantity,Set of Two,84.00,,
,1777447210,Long Slim 16 Inch Wood Wall Pocket with Preserved Eucalyptus,Primary color,Unstained,Quantity,Set of Three,118.00,,
,1777447210,Long Slim 16 Inch Wood Wall Pocket with Preserved Eucalyptus,Primary color,Unstained,Quantity,Set of Four,156.00,,
marble-cylinder-cable-organizer-desk-cable-management,1871149968,Marble Cylinder Cable Organizer - Desk Cable Management,,,,,80.75,,1871149968
marble-pedestal-column-raw-face-plinth-monolith-sculpture-stand-solid-,1770182126,Marble Pedestal Column Raw face - Plinth - Monolith - Sculpture Stand - Solid Stone Block,Height,16 Inches,,,544.00,,
marble-pedestal-column-raw-face-plinth-monolith-sculpture-stand-solid-,1770182126,Marble Pedestal Column Raw face - Plinth - Monolith - Sculpture Stand - Solid Stone Block,Height,18 Inches,,,569.50,,
marble-pedestal-column-raw-face-plinth-monolith-sculpture-stand-solid-,1770182126,Marble Pedestal Column Raw face - Plinth - Monolith - Sculpture Stand - Solid Stone Block,Height,20 Inches,,,629.00,,
marble-pedestal-column-raw-face-plinth-monolith-sculpture-stand-solid-,1770182126,Marble Pedestal Column Raw face - Plinth - Monolith - Sculpture Stand - Solid Stone Block,Height,22 Inches,,,679.15,,
marble-pedestal-column-raw-face-plinth-monolith-sculpture-stand-solid-,1770182126,Marble Pedestal Column Raw face - Plinth - Monolith - Sculpture Stand - Solid Stone Block,Height,24 Inches,,,722.50,,
marble-pedestal-column-raw-face-plinth-monolith-sculpture-stand-solid-,1770182126,Marble Pedestal Column Raw face - Plinth - Monolith - Sculpture Stand - Solid Stone Block,Height,26 Inches,,,764.15,,
marble-pedestal-column-raw-face-plinth-monolith-sculpture-stand-solid-,1770182126,Marble Pedestal Column Raw face - Plinth - Monolith - Sculpture Stand - Solid Stone Block,Height,28 Inches,,,807.50,,
marble-pedestal-column-raw-face-plinth-monolith-sculpture-stand-solid-,1770182126,Marble Pedestal Column Raw face - Plinth - Monolith - Sculpture Stand - Solid Stone Block,Height,30 Inches,,,849.15,,
marble-pedestal-column-raw-face-plinth-monolith-sculpture-stand-solid-,1770182126,Marble Pedestal Column Raw face - Plinth - Monolith - Sculpture Stand - Solid Stone Block,Height,32 Inches,,,892.50,,
marble-and-onyx-fountain-trio-monolith-fountain-with-rough-face-water-,4506437473,Marble and Onyx fountain trio - monolith fountain with rough face - Water Element Feature - GIFT,,,,,2974.15,,4506437473
natural-travertine-solid-stone-front-desk-luxury-reception-console-cas,4306304189,Natural Travertine Solid Stone Front Desk - Luxury Reception Console - Cash register,Width,50 Inches,,,8415.00,,
natural-travertine-solid-stone-front-desk-luxury-reception-console-cas,4306304189,Natural Travertine Solid Stone Front Desk - Luxury Reception Console - Cash register,Width,60 Inches,,,9265.00,,
natural-travertine-solid-stone-front-desk-luxury-reception-console-cas,4306304189,Natural Travertine Solid Stone Front Desk - Luxury Reception Console - Cash register,Width,70 Inches,,,10115.00,,
natural-travertine-solid-stone-front-desk-luxury-reception-console-cas,4306304189,Natural Travertine Solid Stone Front Desk - Luxury Reception Console - Cash register,Width,80 Inches,,,10965.00,,
natural-travertine-solid-stone-front-desk-luxury-reception-console-cas,4306304189,Natural Travertine Solid Stone Front Desk - Luxury Reception Console - Cash register,Width,90 Inches,,,11815.00,,
natural-travertine-solid-stone-wine-bottle-rack-luxury-wine-cellar-dis,4521582919,Natural Travertine Solid Stone Wine Bottle Rack - Luxury Wine Cellar Display Rack,Width,50 Inches,,,8415.00,,
natural-travertine-solid-stone-wine-bottle-rack-luxury-wine-cellar-dis,4521582919,Natural Travertine Solid Stone Wine Bottle Rack - Luxury Wine Cellar Display Rack,Width,60 Inches,,,9265.00,,
natural-travertine-solid-stone-wine-bottle-rack-luxury-wine-cellar-dis,4521582919,Natural Travertine Solid Stone Wine Bottle Rack - Luxury Wine Cellar Display Rack,Width,70 Inches,,,10115.00,,
natural-travertine-solid-stone-gas-fire-pit-luxury-fire-pit,4522561625,Natural Travertine Solid Stone gas fire pit - Luxury fire pit.,Shape,Rectangle,,,13591.50,,
natural-travertine-solid-stone-gas-fire-pit-luxury-fire-pit,4522561625,Natural Travertine Solid Stone gas fire pit - Luxury fire pit.,Shape,Square,,,11041.50,,
natural-stone-travertine-chopstick-rest-chopstick-holder,4506182144,Natural stone Travertine Chopstick Rest - Chopstick Holder.,,,,,58.65,,4506182144
onyx-bookend-bookshelf-organization-bookstop-gift,1884534600,Onyx Bookend - Bookshelf Organization - Bookstop - Gift,,,,,170.00,,1884534600
onyx-monolith-fountain-with-rough-face-water-element-feature-gift,4374800586,Onyx monolith fountain with rough face - Water Element Feature - GIFT,,,,,1020.00,,4374800586
outdoor-patio-wood-sofa-bench-set,1720308542,Outdoor patio Wood sofa bench set,pillow colors,white cushion,,,6120.00,,
outdoor-patio-wood-sofa-bench-set,1720308542,Outdoor patio Wood sofa bench set,pillow colors,blue cushion,,,6120.00,,
outdoor-patio-wood-sofa-bench-set,1720308542,Outdoor patio Wood sofa bench set,pillow colors,grey cushion,,,6120.00,,
outdoor-patio-wood-sofa-bench-set,1720308542,Outdoor patio Wood sofa bench set,pillow colors,black cushion,,,6120.00,,
pink-marble-monolith-fountain-with-rough-face-water-element-feature-gi,1873869341,Pink Marble monolith fountain with rough face - Water Element Feature - GIFT,Height,16 Inches,,,551.65,,
pink-marble-monolith-fountain-with-rough-face-water-element-feature-gi,1873869341,Pink Marble monolith fountain with rough face - Water Element Feature - GIFT,Height,18 Inches,,,636.65,,
pink-marble-monolith-fountain-with-rough-face-water-element-feature-gi,1873869341,Pink Marble monolith fountain with rough face - Water Element Feature - GIFT,Height,20 Inches,,,713.15,,
pink-marble-monolith-fountain-with-rough-face-water-element-feature-gi,1873869341,Pink Marble monolith fountain with rough face - Water Element Feature - GIFT,Height,22 Inches,,,764.15,,
pink-marble-monolith-fountain-with-rough-face-water-element-feature-gi,1873869341,Pink Marble monolith fountain with rough face - Water Element Feature - GIFT,Height,24 Inches,,,806.65,,
pink-marble-monolith-fountain-with-rough-face-water-element-feature-gi,1873869341,Pink Marble monolith fountain with rough face - Water Element Feature - GIFT,Height,26 Inches,,,849.15,,
pink-marble-monolith-fountain-with-rough-face-water-element-feature-gi,1873869341,Pink Marble monolith fountain with rough face - Water Element Feature - GIFT,Height,28 Inches,,,891.65,,
pink-marble-monolith-fountain-with-rough-face-water-element-feature-gi,1873869341,Pink Marble monolith fountain with rough face - Water Element Feature - GIFT,Height,30 Inches,,,934.15,,
pink-marble-monolith-fountain-with-rough-face-water-element-feature-gi,1873869341,Pink Marble monolith fountain with rough face - Water Element Feature - GIFT,Height,32 Inches,,,976.65,,
pink-marble-monolith-fountain-with-rough-face-water-element-feature-gi,1873869341,Pink Marble monolith fountain with rough face - Water Element Feature - GIFT,Height,34 Inches,,,1019.15,,
pink-marble-candle-holder-with-rough-edges-for-1-5inch-candles,1874651983,Pink marble candle holder with rough edges for 1.5inch candles.,,,,,51.00,,1874651983
pink-travertine-pedestal-column-block-solid-stone-block,1763705419,Pink travertine pedestal column block - Solid Stone Block,Height,20 Inches,,,636.65,,
pink-travertine-pedestal-column-block-solid-stone-block,1763705419,Pink travertine pedestal column block - Solid Stone Block,Height,16 Inches,,,551.65,,
pink-travertine-pedestal-column-block-solid-stone-block,1763705419,Pink travertine pedestal column block - Solid Stone Block,Height,18 Inches,,,594.15,,
pink-travertine-pedestal-column-block-solid-stone-block,1763705419,Pink travertine pedestal column block - Solid Stone Block,Height,22 Inches,,,679.15,,
pink-travertine-pedestal-column-block-solid-stone-block,1763705419,Pink travertine pedestal column block - Solid Stone Block,Height,24 Inches,,,721.65,,
raw-travertine-floating-shelf-chiseled-edge-stone-slab,1760598966,Raw Travertine Floating Shelf: Chiseled Edge Stone Slab,,,,,339.15,,1760598966
raw-travertine-jewelry-display-stand-handmade-stone-stand,4351080000,Raw Travertine Jewelry Display Stand - Handmade Stone Stand,Style,A,,,169.15,,
raw-travertine-jewelry-display-stand-handmade-stone-stand,4351080000,Raw Travertine Jewelry Display Stand - Handmade Stone Stand,Style,B,,,169.15,,
raw-edge-travertine-blocks-chunks-for-photoshoot-props-or-display,1818547276,Raw edge travertine blocks chunks for photoshoot props or display,size,S,,,55.25,,
raw-edge-travertine-blocks-chunks-for-photoshoot-props-or-display,1818547276,Raw edge travertine blocks chunks for photoshoot props or display,size,M,,,76.50,,
raw-edge-travertine-blocks-chunks-for-photoshoot-props-or-display,1818547276,Raw edge travertine blocks chunks for photoshoot props or display,size,L,,,97.75,,
raw-edge-travertine-blocks-chunks-for-photoshoot-props-or-display,1818547276,Raw edge travertine blocks chunks for photoshoot props or display,size,XL,,,127.50,,
raw-edge-travertine-blocks-chunks-for-photoshoot-props-or-display,1857879715,Raw edge travertine blocks chunks for photoshoot props or display,size,S,,,59.50,,
raw-edge-travertine-blocks-chunks-for-photoshoot-props-or-display,1857879715,Raw edge travertine blocks chunks for photoshoot props or display,size,M,,,127.50,,
raw-edge-travertine-blocks-chunks-for-photoshoot-props-or-display,1857879715,Raw edge travertine blocks chunks for photoshoot props or display,size,L,,,170.00,,
raw-edge-travertine-blocks-chunks-for-photoshoot-props-or-display,1857879715,Raw edge travertine blocks chunks for photoshoot props or display,size,XL,,,255.00,,
shell-limestone-floating-shelf-with-chiseled-edges-natural-stone-shlev,1788036690,Shell Limestone floating shelf with chiseled edges. natural stone shleves,Width,22 Inches,Depth,6 Inches,544.00,,
shell-limestone-floating-shelf-with-chiseled-edges-natural-stone-shlev,1788036690,Shell Limestone floating shelf with chiseled edges. natural stone shleves,Width,22 Inches,Depth,8 Inches,569.50,,
shell-limestone-floating-shelf-with-chiseled-edges-natural-stone-shlev,1788036690,Shell Limestone floating shelf with chiseled edges. natural stone shleves,Width,22 Inches,Depth,10 Inches,578.00,,
shell-limestone-floating-shelf-with-chiseled-edges-natural-stone-shlev,1788036690,Shell Limestone floating shelf with chiseled edges. natural stone shleves,Width,24 Inches,Depth,6 Inches,552.50,,
shell-limestone-floating-shelf-with-chiseled-edges-natural-stone-shlev,1788036690,Shell Limestone floating shelf with chiseled edges. natural stone shleves,Width,24 Inches,Depth,8 Inches,578.00,,
shell-limestone-floating-shelf-with-chiseled-edges-natural-stone-shlev,1788036690,Shell Limestone floating shelf with chiseled edges. natural stone shleves,Width,24 Inches,Depth,10 Inches,586.50,,
textured-travertine-tray-natural-stone-jewelry-photo-prop,4312235495,Textured Travertine Tray - Natural Stone Jewelry - Photo Prop,,,,,339.15,,4312235495
travertine-bench-wabi-sabi-stone-entryway-bench-with-steel-legs,1828343695,Travertine Bench – Wabi-Sabi Stone Entryway Bench with Steel Legs,,,,,3059.15,,1828343695
travertine-bookend-bookshelf-organization-bookstop-gift,1739648218,Travertine Bookend - Bookshelf Organization - Bookstop - Gift,Width,6 Inches,,,220.15,,
travertine-bookend-bookshelf-organization-bookstop-gift,1739648218,Travertine Bookend - Bookshelf Organization - Bookstop - Gift,Width,8 Inches,,,254.15,,
travertine-bookend-bookshelf-organization-bookstop-gift,1739648218,Travertine Bookend - Bookshelf Organization - Bookstop - Gift,Width,2 Inches,,,126.65,,
travertine-bookend-bookshelf-organization-bookstop-gift,1739648218,Travertine Bookend - Bookshelf Organization - Bookstop - Gift,Width,3 Inches,,,152.15,,
travertine-bookend-bookshelf-organization-bookstop-gift,1739648218,Travertine Bookend - Bookshelf Organization - Bookstop - Gift,Width,4 Inches,,,169.15,,
travertine-bookend-bookshelf-organization-bookstop-gift,1739648218,Travertine Bookend - Bookshelf Organization - Bookstop - Gift,Width,5 Inches,,,194.65,,
travertine-bookend-solid-stone-sculpture-stand-display-stand-pedestal-,4439106989,Travertine Bookend - Solid Stone Sculpture Stand - Display stand - Pedestal - gift,,,,,280.50,,4439106989
travertine-dining-table-chiseled-natural-solid-stone-banquet-table,4348286431,Travertine Dining Table - Chiseled Natural Solid Stone - Banquet Table,Width,80 Inches,Color,linen beige,13590.65,,
travertine-dining-table-chiseled-natural-solid-stone-banquet-table,4348286431,Travertine Dining Table - Chiseled Natural Solid Stone - Banquet Table,Width,80 Inches,Color,Cream,13590.65,,
travertine-dining-table-chiseled-natural-solid-stone-banquet-table,4348286431,Travertine Dining Table - Chiseled Natural Solid Stone - Banquet Table,Width,80 Inches,Color,Frosted & Pink,13590.65,,
travertine-dining-table-chiseled-natural-solid-stone-banquet-table,4348286431,Travertine Dining Table - Chiseled Natural Solid Stone - Banquet Table,Width,90 Inches,Color,linen beige,14440.65,,
travertine-dining-table-chiseled-natural-solid-stone-banquet-table,4348286431,Travertine Dining Table - Chiseled Natural Solid Stone - Banquet Table,Width,90 Inches,Color,Cream,14440.65,,
travertine-dining-table-chiseled-natural-solid-stone-banquet-table,4348286431,Travertine Dining Table - Chiseled Natural Solid Stone - Banquet Table,Width,90 Inches,Color,Frosted & Pink,14440.65,,
travertine-dining-table-chiseled-natural-solid-stone-banquet-table,4348286431,Travertine Dining Table - Chiseled Natural Solid Stone - Banquet Table,Width,100 Inches,Color,linen beige,15290.65,,
travertine-dining-table-chiseled-natural-solid-stone-banquet-table,4348286431,Travertine Dining Table - Chiseled Natural Solid Stone - Banquet Table,Width,100 Inches,Color,Cream,15290.65,,
travertine-dining-table-chiseled-natural-solid-stone-banquet-table,4348286431,Travertine Dining Table - Chiseled Natural Solid Stone - Banquet Table,Width,100 Inches,Color,Frosted & Pink,15290.65,,
travertine-dining-table-chiseled-natural-solid-stone-banquet-table,4348286431,Travertine Dining Table - Chiseled Natural Solid Stone - Banquet Table,Width,110 Inches,Color,linen beige,16140.65,,
travertine-dining-table-chiseled-natural-solid-stone-banquet-table,4348286431,Travertine Dining Table - Chiseled Natural Solid Stone - Banquet Table,Width,110 Inches,Color,Cream,16140.65,,
travertine-dining-table-chiseled-natural-solid-stone-banquet-table,4348286431,Travertine Dining Table - Chiseled Natural Solid Stone - Banquet Table,Width,110 Inches,Color,Frosted & Pink,16140.65,,
travertine-dining-table-chiseled-natural-solid-stone-banquet-table,4348286431,Travertine Dining Table - Chiseled Natural Solid Stone - Banquet Table,Width,120 Inches,Color,linen beige,16914.15,,
travertine-dining-table-chiseled-natural-solid-stone-banquet-table,4348286431,Travertine Dining Table - Chiseled Natural Solid Stone - Banquet Table,Width,120 Inches,Color,Cream,16914.15,,
travertine-dining-table-chiseled-natural-solid-stone-banquet-table,4348286431,Travertine Dining Table - Chiseled Natural Solid Stone - Banquet Table,Width,120 Inches,Color,Frosted & Pink,16914.15,,
travertine-pedestal-block-solid-stone-sculpture-stand,4336148124,Travertine Pedestal Block - Solid Stone Sculpture Stand,,,,,509.15,,4336148124
travertine-pedestal-column-plinth-monolith-sculpture-stand-solid-stone,4295684929,Travertine Pedestal Column - Plinth - Monolith - Sculpture Stand - Solid Stone Block,Height,10 Inches,,,340.00,,
travertine-pedestal-column-plinth-monolith-sculpture-stand-solid-stone,4295684929,Travertine Pedestal Column - Plinth - Monolith - Sculpture Stand - Solid Stone Block,Height,12 Inches,,,356.15,,
travertine-pedestal-column-plinth-monolith-sculpture-stand-solid-stone,4295684929,Travertine Pedestal Column - Plinth - Monolith - Sculpture Stand - Solid Stone Block,Height,14 Inches,,,390.15,,
travertine-pedestal-column-plinth-monolith-sculpture-stand-solid-stone,4295684929,Travertine Pedestal Column - Plinth - Monolith - Sculpture Stand - Solid Stone Block,Height,16 Inches,,,424.15,,
travertine-pedestal-column-plinth-monolith-sculpture-stand-solid-stone,4295684929,Travertine Pedestal Column - Plinth - Monolith - Sculpture Stand - Solid Stone Block,Height,18 Inches,,,509.15,,
travertine-pedestal-column-plinth-monolith-sculpture-stand-solid-stone,4295684929,Travertine Pedestal Column - Plinth - Monolith - Sculpture Stand - Solid Stone Block,Height,20 Inches,,,594.15,,
travertine-pedestal-column-plinth-monolith-sculpture-stand-solid-stone,4295684929,Travertine Pedestal Column - Plinth - Monolith - Sculpture Stand - Solid Stone Block,Height,22 Inches,,,679.15,,
travertine-pedestal-column-plinth-monolith-sculpture-stand-solid-stone,4295684929,Travertine Pedestal Column - Plinth - Monolith - Sculpture Stand - Solid Stone Block,Height,24 Inches,,,764.15,,
travertine-pedestal-column-plinth-monolith-sculpture-stand-solid-stone,4295684929,Travertine Pedestal Column - Plinth - Monolith - Sculpture Stand - Solid Stone Block,Height,26 Inches,,,849.15,,
travertine-pedestal-column-plinth-monolith-sculpture-stand-solid-stone,4295684929,Travertine Pedestal Column - Plinth - Monolith - Sculpture Stand - Solid Stone Block,Height,28 Inches,,,934.15,,
travertine-pedestal-column-plinth-monolith-sculpture-stand-solid-stone,4295684929,Travertine Pedestal Column - Plinth - Monolith - Sculpture Stand - Solid Stone Block,Height,30 Inches,,,1019.15,,
travertine-pedestal-column-plinth-monolith-sculpture-stand-solid-stone,4295684929,Travertine Pedestal Column - Plinth - Monolith - Sculpture Stand - Solid Stone Block,Height,32 Inches,,,1104.15,,
travertine-pedestal-column-plinth-monolith-sculpture-stand-solid-stone,4295684929,Travertine Pedestal Column - Plinth - Monolith - Sculpture Stand - Solid Stone Block,Height,34 Inches,,,1189.15,,
travertine-pedestal-column-plinth-monolith-sculpture-stand-solid-stone,4295684929,Travertine Pedestal Column - Plinth - Monolith - Sculpture Stand - Solid Stone Block,Height,36 Inches,,,1274.15,,
travertine-pedestal-column-plinth-monolith-sculpture-stand-solid-stone,4295684929,Travertine Pedestal Column - Plinth - Monolith - Sculpture Stand - Solid Stone Block,Height,38 Inches,,,1359.15,,
travertine-pedestal-column-plinth-monolith-sculpture-stand-solid-stone,4295684929,Travertine Pedestal Column - Plinth - Monolith - Sculpture Stand - Solid Stone Block,Height,40 Inches,,,1444.15,,
travertine-pedestal-column-plinth-monolith-sculpture-stand-solid-stone,4295684929,Travertine Pedestal Column - Plinth - Monolith - Sculpture Stand - Solid Stone Block,Height,42 Inches,,,1529.15,,
travertine-pedestal-column-plinth-monolith-solid-stone-block-stand,4334487208,Travertine Pedestal Column - Plinth - Monolith - Solid Stone Block Stand,Height,10 Inches,,,340.00,,
travertine-pedestal-column-plinth-monolith-solid-stone-block-stand,4334487208,Travertine Pedestal Column - Plinth - Monolith - Solid Stone Block Stand,Height,12 Inches,,,356.15,,
travertine-pedestal-column-plinth-monolith-solid-stone-block-stand,4334487208,Travertine Pedestal Column - Plinth - Monolith - Solid Stone Block Stand,Height,14 Inches,,,407.15,,
travertine-pedestal-column-plinth-monolith-solid-stone-block-stand,4334487208,Travertine Pedestal Column - Plinth - Monolith - Solid Stone Block Stand,Height,16 Inches,,,466.65,,
travertine-pedestal-column-plinth-monolith-solid-stone-block-stand,4334487208,Travertine Pedestal Column - Plinth - Monolith - Solid Stone Block Stand,Height,18 Inches,,,594.15,,
travertine-pedestal-column-plinth-monolith-solid-stone-block-stand,4334487208,Travertine Pedestal Column - Plinth - Monolith - Solid Stone Block Stand,Height,20 Inches,,,679.15,,
travertine-pedestal-column-plinth-monolith-solid-stone-block-stand,4334487208,Travertine Pedestal Column - Plinth - Monolith - Solid Stone Block Stand,Height,22 Inches,,,764.15,,
travertine-pedestal-column-plinth-monolith-solid-stone-block-stand,4334487208,Travertine Pedestal Column - Plinth - Monolith - Solid Stone Block Stand,Height,24 Inches,,,849.15,,
travertine-pedestal-column-plinth-monolith-solid-stone-block-stand,4334487208,Travertine Pedestal Column - Plinth - Monolith - Solid Stone Block Stand,Height,26 Inches,,,934.15,,
travertine-pedestal-column-plinth-monolith-solid-stone-block-stand,4334487208,Travertine Pedestal Column - Plinth - Monolith - Solid Stone Block Stand,Height,28 Inches,,,1019.15,,
travertine-pedestal-column-plinth-monolith-solid-stone-block-stand,4334487208,Travertine Pedestal Column - Plinth - Monolith - Solid Stone Block Stand,Height,30 Inches,,,1061.65,,
travertine-pedestal-column-plinth-monolith-solid-stone-block-stand,4334487208,Travertine Pedestal Column - Plinth - Monolith - Solid Stone Block Stand,Height,32 Inches,,,1104.15,,
travertine-pedestal-column-plinth-solid-stone-monolith-sculpture-stand,1870835780,Travertine Pedestal Column - Plinth - Solid Stone Monolith - Sculpture Stand,Height,10 Inches,,,340.00,,
travertine-pedestal-column-plinth-solid-stone-monolith-sculpture-stand,1870835780,Travertine Pedestal Column - Plinth - Solid Stone Monolith - Sculpture Stand,Height,12 Inches,,,356.15,,
travertine-pedestal-column-plinth-solid-stone-monolith-sculpture-stand,1870835780,Travertine Pedestal Column - Plinth - Solid Stone Monolith - Sculpture Stand,Height,14 Inches,,,390.15,,
travertine-pedestal-column-plinth-solid-stone-monolith-sculpture-stand,1870835780,Travertine Pedestal Column - Plinth - Solid Stone Monolith - Sculpture Stand,Height,16 Inches,,,424.15,,
travertine-pedestal-column-plinth-solid-stone-monolith-sculpture-stand,1870835780,Travertine Pedestal Column - Plinth - Solid Stone Monolith - Sculpture Stand,Height,18 Inches,,,509.15,,
travertine-pedestal-column-plinth-solid-stone-monolith-sculpture-stand,1870835780,Travertine Pedestal Column - Plinth - Solid Stone Monolith - Sculpture Stand,Height,20 Inches,,,594.15,,
travertine-pedestal-column-plinth-solid-stone-monolith-sculpture-stand,1870835780,Travertine Pedestal Column - Plinth - Solid Stone Monolith - Sculpture Stand,Height,22 Inches,,,679.15,,
travertine-pedestal-column-plinth-solid-stone-monolith-sculpture-stand,1870835780,Travertine Pedestal Column - Plinth - Solid Stone Monolith - Sculpture Stand,Height,24 Inches,,,764.15,,
travertine-pedestal-column-plinth-solid-stone-monolith-sculpture-stand,1870835780,Travertine Pedestal Column - Plinth - Solid Stone Monolith - Sculpture Stand,Height,26 Inches,,,849.15,,
travertine-pedestal-column-plinth-solid-stone-monolith-sculpture-stand,1870835780,Travertine Pedestal Column - Plinth - Solid Stone Monolith - Sculpture Stand,Height,28 Inches,,,934.15,,
travertine-pedestal-column-plinth-solid-stone-monolith-sculpture-stand,1870835780,Travertine Pedestal Column - Plinth - Solid Stone Monolith - Sculpture Stand,Height,30 Inches,,,976.65,,
travertine-pedestal-column-plinth-solid-stone-monolith-sculpture-stand,1870835780,Travertine Pedestal Column - Plinth - Solid Stone Monolith - Sculpture Stand,Height,32 Inches,,,1019.15,,
travertine-pedestal-column-sculpture-stand-plinth-monolith-solid-stone,4524883413,Travertine Pedestal Column - Sculpture Stand - Plinth - Monolith - Solid Stone Block,Color,White,Size,8x8x20,1700.00,,
travertine-pedestal-column-sculpture-stand-plinth-monolith-solid-stone,4524883413,Travertine Pedestal Column - Sculpture Stand - Plinth - Monolith - Solid Stone Block,Color,White,Size,8x8x24,1785.00,,
travertine-pedestal-column-sculpture-stand-plinth-monolith-solid-stone,4524883413,Travertine Pedestal Column - Sculpture Stand - Plinth - Monolith - Solid Stone Block,Color,White,Size,8x8x28,1870.00,,
travertine-pedestal-column-sculpture-stand-plinth-monolith-solid-stone,4524883413,Travertine Pedestal Column - Sculpture Stand - Plinth - Monolith - Solid Stone Block,Color,White,Size,8x8x32,2040.00,,
travertine-pedestal-column-sculpture-stand-plinth-monolith-solid-stone,4524883413,Travertine Pedestal Column - Sculpture Stand - Plinth - Monolith - Solid Stone Block,Color,White,Size,8x8x36,2210.00,,
travertine-pedestal-column-sculpture-stand-plinth-monolith-solid-stone,4524883413,Travertine Pedestal Column - Sculpture Stand - Plinth - Monolith - Solid Stone Block,Color,White,Size,8x8x40,2380.00,,
travertine-pedestal-column-sculpture-stand-plinth-monolith-solid-stone,4524883413,Travertine Pedestal Column - Sculpture Stand - Plinth - Monolith - Solid Stone Block,Color,White,Size,10x10x20,1955.00,,
travertine-pedestal-column-sculpture-stand-plinth-monolith-solid-stone,4524883413,Travertine Pedestal Column - Sculpture Stand - Plinth - Monolith - Solid Stone Block,Color,White,Size,10x10x24,2040.00,,
travertine-pedestal-column-sculpture-stand-plinth-monolith-solid-stone,4524883413,Travertine Pedestal Column - Sculpture Stand - Plinth - Monolith - Solid Stone Block,Color,White,Size,10x10x28,2125.00,,
travertine-pedestal-column-sculpture-stand-plinth-monolith-solid-stone,4524883413,Travertine Pedestal Column - Sculpture Stand - Plinth - Monolith - Solid Stone Block,Color,White,Size,10x10x32,2295.00,,
travertine-pedestal-column-sculpture-stand-plinth-monolith-solid-stone,4524883413,Travertine Pedestal Column - Sculpture Stand - Plinth - Monolith - Solid Stone Block,Color,White,Size,10x10x36,2465.00,,
travertine-pedestal-column-sculpture-stand-plinth-monolith-solid-stone,4524883413,Travertine Pedestal Column - Sculpture Stand - Plinth - Monolith - Solid Stone Block,Color,White,Size,10x10x40,2635.00,,
travertine-pedestal-column-sculpture-stand-plinth-monolith-solid-stone,4524883413,Travertine Pedestal Column - Sculpture Stand - Plinth - Monolith - Solid Stone Block,Color,White,Size,12x12x24,2295.00,,
travertine-pedestal-column-sculpture-stand-plinth-monolith-solid-stone,4524883413,Travertine Pedestal Column - Sculpture Stand - Plinth - Monolith - Solid Stone Block,Color,White,Size,12x12x28,2465.00,,
travertine-pedestal-column-sculpture-stand-plinth-monolith-solid-stone,4524883413,Travertine Pedestal Column - Sculpture Stand - Plinth - Monolith - Solid Stone Block,Color,White,Size,12x12x32,2635.00,,
travertine-pedestal-column-sculpture-stand-plinth-monolith-solid-stone,4524883413,Travertine Pedestal Column - Sculpture Stand - Plinth - Monolith - Solid Stone Block,Color,White,Size,12x12x36,2805.00,,
travertine-pedestal-column-sculpture-stand-plinth-monolith-solid-stone,4524883413,Travertine Pedestal Column - Sculpture Stand - Plinth - Monolith - Solid Stone Block,Color,White,Size,12x12x40,2975.00,,
travertine-pedestal-column-sculpture-stand-plinth-monolith-solid-stone,4524883413,Travertine Pedestal Column - Sculpture Stand - Plinth - Monolith - Solid Stone Block,Color,Red,Size,8x8x20,1700.00,,
travertine-pedestal-column-sculpture-stand-plinth-monolith-solid-stone,4524883413,Travertine Pedestal Column - Sculpture Stand - Plinth - Monolith - Solid Stone Block,Color,Red,Size,8x8x24,1785.00,,
travertine-pedestal-column-sculpture-stand-plinth-monolith-solid-stone,4524883413,Travertine Pedestal Column - Sculpture Stand - Plinth - Monolith - Solid Stone Block,Color,Red,Size,8x8x28,1870.00,,
travertine-pedestal-column-sculpture-stand-plinth-monolith-solid-stone,4524883413,Travertine Pedestal Column - Sculpture Stand - Plinth - Monolith - Solid Stone Block,Color,Red,Size,8x8x32,2040.00,,
travertine-pedestal-column-sculpture-stand-plinth-monolith-solid-stone,4524883413,Travertine Pedestal Column - Sculpture Stand - Plinth - Monolith - Solid Stone Block,Color,Red,Size,8x8x36,2210.00,,
travertine-pedestal-column-sculpture-stand-plinth-monolith-solid-stone,4524883413,Travertine Pedestal Column - Sculpture Stand - Plinth - Monolith - Solid Stone Block,Color,Red,Size,8x8x40,2380.00,,
travertine-pedestal-column-sculpture-stand-plinth-monolith-solid-stone,4524883413,Travertine Pedestal Column - Sculpture Stand - Plinth - Monolith - Solid Stone Block,Color,Red,Size,10x10x20,1955.00,,
travertine-pedestal-column-sculpture-stand-plinth-monolith-solid-stone,4524883413,Travertine Pedestal Column - Sculpture Stand - Plinth - Monolith - Solid Stone Block,Color,Red,Size,10x10x24,2040.00,,
travertine-pedestal-column-sculpture-stand-plinth-monolith-solid-stone,4524883413,Travertine Pedestal Column - Sculpture Stand - Plinth - Monolith - Solid Stone Block,Color,Red,Size,10x10x28,2125.00,,
travertine-pedestal-column-sculpture-stand-plinth-monolith-solid-stone,4524883413,Travertine Pedestal Column - Sculpture Stand - Plinth - Monolith - Solid Stone Block,Color,Red,Size,10x10x32,2295.00,,
travertine-pedestal-column-sculpture-stand-plinth-monolith-solid-stone,4524883413,Travertine Pedestal Column - Sculpture Stand - Plinth - Monolith - Solid Stone Block,Color,Red,Size,10x10x36,2465.00,,
travertine-pedestal-column-sculpture-stand-plinth-monolith-solid-stone,4524883413,Travertine Pedestal Column - Sculpture Stand - Plinth - Monolith - Solid Stone Block,Color,Red,Size,10x10x40,2635.00,,
travertine-pedestal-column-sculpture-stand-plinth-monolith-solid-stone,4524883413,Travertine Pedestal Column - Sculpture Stand - Plinth - Monolith - Solid Stone Block,Color,Red,Size,12x12x24,2295.00,,
travertine-pedestal-column-sculpture-stand-plinth-monolith-solid-stone,4524883413,Travertine Pedestal Column - Sculpture Stand - Plinth - Monolith - Solid Stone Block,Color,Red,Size,12x12x28,2465.00,,
travertine-pedestal-column-sculpture-stand-plinth-monolith-solid-stone,4524883413,Travertine Pedestal Column - Sculpture Stand - Plinth - Monolith - Solid Stone Block,Color,Red,Size,12x12x32,2635.00,,
travertine-pedestal-column-sculpture-stand-plinth-monolith-solid-stone,4524883413,Travertine Pedestal Column - Sculpture Stand - Plinth - Monolith - Solid Stone Block,Color,Red,Size,12x12x36,2805.00,,
travertine-pedestal-column-sculpture-stand-plinth-monolith-solid-stone,4524883413,Travertine Pedestal Column - Sculpture Stand - Plinth - Monolith - Solid Stone Block,Color,Red,Size,12x12x40,2975.00,,
travertine-pedestal-column-sculpture-stand-plinth-monolith-solid-stone,4524883413,Travertine Pedestal Column - Sculpture Stand - Plinth - Monolith - Solid Stone Block,Color,Cream Brown Grey,Size,8x8x20,1700.00,,
travertine-pedestal-column-sculpture-stand-plinth-monolith-solid-stone,4524883413,Travertine Pedestal Column - Sculpture Stand - Plinth - Monolith - Solid Stone Block,Color,Cream Brown Grey,Size,8x8x24,1785.00,,
travertine-pedestal-column-sculpture-stand-plinth-monolith-solid-stone,4524883413,Travertine Pedestal Column - Sculpture Stand - Plinth - Monolith - Solid Stone Block,Color,Cream Brown Grey,Size,8x8x28,1870.00,,
travertine-pedestal-column-sculpture-stand-plinth-monolith-solid-stone,4524883413,Travertine Pedestal Column - Sculpture Stand - Plinth - Monolith - Solid Stone Block,Color,Cream Brown Grey,Size,8x8x32,2040.00,,
travertine-pedestal-column-sculpture-stand-plinth-monolith-solid-stone,4524883413,Travertine Pedestal Column - Sculpture Stand - Plinth - Monolith - Solid Stone Block,Color,Cream Brown Grey,Size,8x8x36,2210.00,,
travertine-pedestal-column-sculpture-stand-plinth-monolith-solid-stone,4524883413,Travertine Pedestal Column - Sculpture Stand - Plinth - Monolith - Solid Stone Block,Color,Cream Brown Grey,Size,8x8x40,2380.00,,
travertine-pedestal-column-sculpture-stand-plinth-monolith-solid-stone,4524883413,Travertine Pedestal Column - Sculpture Stand - Plinth - Monolith - Solid Stone Block,Color,Cream Brown Grey,Size,10x10x20,1955.00,,
travertine-pedestal-column-sculpture-stand-plinth-monolith-solid-stone,4524883413,Travertine Pedestal Column - Sculpture Stand - Plinth - Monolith - Solid Stone Block,Color,Cream Brown Grey,Size,10x10x24,2040.00,,
travertine-pedestal-column-sculpture-stand-plinth-monolith-solid-stone,4524883413,Travertine Pedestal Column - Sculpture Stand - Plinth - Monolith - Solid Stone Block,Color,Cream Brown Grey,Size,10x10x28,2125.00,,
travertine-pedestal-column-sculpture-stand-plinth-monolith-solid-stone,4524883413,Travertine Pedestal Column - Sculpture Stand - Plinth - Monolith - Solid Stone Block,Color,Cream Brown Grey,Size,10x10x32,2295.00,,
travertine-pedestal-column-sculpture-stand-plinth-monolith-solid-stone,4524883413,Travertine Pedestal Column - Sculpture Stand - Plinth - Monolith - Solid Stone Block,Color,Cream Brown Grey,Size,10x10x36,2465.00,,
travertine-pedestal-column-sculpture-stand-plinth-monolith-solid-stone,4524883413,Travertine Pedestal Column - Sculpture Stand - Plinth - Monolith - Solid Stone Block,Color,Cream Brown Grey,Size,10x10x40,2635.00,,
travertine-pedestal-column-sculpture-stand-plinth-monolith-solid-stone,4524883413,Travertine Pedestal Column - Sculpture Stand - Plinth - Monolith - Solid Stone Block,Color,Cream Brown Grey,Size,12x12x24,2295.00,,
travertine-pedestal-column-sculpture-stand-plinth-monolith-solid-stone,4524883413,Travertine Pedestal Column - Sculpture Stand - Plinth - Monolith - Solid Stone Block,Color,Cream Brown Grey,Size,12x12x28,2465.00,,
travertine-pedestal-column-sculpture-stand-plinth-monolith-solid-stone,4524883413,Travertine Pedestal Column - Sculpture Stand - Plinth - Monolith - Solid Stone Block,Color,Cream Brown Grey,Size,12x12x32,2635.00,,
travertine-pedestal-column-sculpture-stand-plinth-monolith-solid-stone,4524883413,Travertine Pedestal Column - Sculpture Stand - Plinth - Monolith - Solid Stone Block,Color,Cream Brown Grey,Size,12x12x36,2805.00,,
travertine-pedestal-column-sculpture-stand-plinth-monolith-solid-stone,4524883413,Travertine Pedestal Column - Sculpture Stand - Plinth - Monolith - Solid Stone Block,Color,Cream Brown Grey,Size,12x12x40,2975.00,,
travertine-pedestal-column-sculpture-stand-plinth-monolith-solid-stone,4524883413,Travertine Pedestal Column - Sculpture Stand - Plinth - Monolith - Solid Stone Block,Color,Ivory,Size,8x8x20,1700.00,,
travertine-pedestal-column-sculpture-stand-plinth-monolith-solid-stone,4524883413,Travertine Pedestal Column - Sculpture Stand - Plinth - Monolith - Solid Stone Block,Color,Ivory,Size,8x8x24,1785.00,,
travertine-pedestal-column-sculpture-stand-plinth-monolith-solid-stone,4524883413,Travertine Pedestal Column - Sculpture Stand - Plinth - Monolith - Solid Stone Block,Color,Ivory,Size,8x8x28,1870.00,,
travertine-pedestal-column-sculpture-stand-plinth-monolith-solid-stone,4524883413,Travertine Pedestal Column - Sculpture Stand - Plinth - Monolith - Solid Stone Block,Color,Ivory,Size,8x8x32,2040.00,,
travertine-pedestal-column-sculpture-stand-plinth-monolith-solid-stone,4524883413,Travertine Pedestal Column - Sculpture Stand - Plinth - Monolith - Solid Stone Block,Color,Ivory,Size,8x8x36,2210.00,,
travertine-pedestal-column-sculpture-stand-plinth-monolith-solid-stone,4524883413,Travertine Pedestal Column - Sculpture Stand - Plinth - Monolith - Solid Stone Block,Color,Ivory,Size,8x8x40,2380.00,,
travertine-pedestal-column-sculpture-stand-plinth-monolith-solid-stone,4524883413,Travertine Pedestal Column - Sculpture Stand - Plinth - Monolith - Solid Stone Block,Color,Ivory,Size,10x10x20,1955.00,,
travertine-pedestal-column-sculpture-stand-plinth-monolith-solid-stone,4524883413,Travertine Pedestal Column - Sculpture Stand - Plinth - Monolith - Solid Stone Block,Color,Ivory,Size,10x10x24,2040.00,,
travertine-pedestal-column-sculpture-stand-plinth-monolith-solid-stone,4524883413,Travertine Pedestal Column - Sculpture Stand - Plinth - Monolith - Solid Stone Block,Color,Ivory,Size,10x10x28,2125.00,,
travertine-pedestal-column-sculpture-stand-plinth-monolith-solid-stone,4524883413,Travertine Pedestal Column - Sculpture Stand - Plinth - Monolith - Solid Stone Block,Color,Ivory,Size,10x10x32,2295.00,,
travertine-pedestal-column-sculpture-stand-plinth-monolith-solid-stone,4524883413,Travertine Pedestal Column - Sculpture Stand - Plinth - Monolith - Solid Stone Block,Color,Ivory,Size,10x10x36,2465.00,,
travertine-pedestal-column-sculpture-stand-plinth-monolith-solid-stone,4524883413,Travertine Pedestal Column - Sculpture Stand - Plinth - Monolith - Solid Stone Block,Color,Ivory,Size,10x10x40,2635.00,,
travertine-pedestal-column-sculpture-stand-plinth-monolith-solid-stone,4524883413,Travertine Pedestal Column - Sculpture Stand - Plinth - Monolith - Solid Stone Block,Color,Ivory,Size,12x12x24,2295.00,,
travertine-pedestal-column-sculpture-stand-plinth-monolith-solid-stone,4524883413,Travertine Pedestal Column - Sculpture Stand - Plinth - Monolith - Solid Stone Block,Color,Ivory,Size,12x12x28,2465.00,,
travertine-pedestal-column-sculpture-stand-plinth-monolith-solid-stone,4524883413,Travertine Pedestal Column - Sculpture Stand - Plinth - Monolith - Solid Stone Block,Color,Ivory,Size,12x12x32,2635.00,,
travertine-pedestal-column-sculpture-stand-plinth-monolith-solid-stone,4524883413,Travertine Pedestal Column - Sculpture Stand - Plinth - Monolith - Solid Stone Block,Color,Ivory,Size,12x12x36,2805.00,,
travertine-pedestal-column-sculpture-stand-plinth-monolith-solid-stone,4524883413,Travertine Pedestal Column - Sculpture Stand - Plinth - Monolith - Solid Stone Block,Color,Ivory,Size,12x12x40,2975.00,,
travertine-pedestal-column-sculpture-stand-plinth-monolith-solid-stone,4522053872,Travertine Pedestal Column - Sculpture Stand - Plinth - Monolith - Solid Stone Block,Width,8 Inches,Height,30 Inches,1870.00,,
travertine-pedestal-column-sculpture-stand-plinth-monolith-solid-stone,4522053872,Travertine Pedestal Column - Sculpture Stand - Plinth - Monolith - Solid Stone Block,Width,8 Inches,Height,32 Inches,1955.00,,
travertine-pedestal-column-sculpture-stand-plinth-monolith-solid-stone,4522053872,Travertine Pedestal Column - Sculpture Stand - Plinth - Monolith - Solid Stone Block,Width,8 Inches,Height,34 Inches,2040.00,,
travertine-pedestal-column-sculpture-stand-plinth-monolith-solid-stone,4522053872,Travertine Pedestal Column - Sculpture Stand - Plinth - Monolith - Solid Stone Block,Width,8 Inches,Height,36 Inches,2125.00,,
travertine-pedestal-column-sculpture-stand-plinth-monolith-solid-stone,4522053872,Travertine Pedestal Column - Sculpture Stand - Plinth - Monolith - Solid Stone Block,Width,8 Inches,Height,38 Inches,2210.00,,
travertine-pedestal-column-sculpture-stand-plinth-monolith-solid-stone,4522053872,Travertine Pedestal Column - Sculpture Stand - Plinth - Monolith - Solid Stone Block,Width,8 Inches,Height,40 Inches,2295.00,,
travertine-pedestal-column-sculpture-stand-plinth-monolith-solid-stone,4522053872,Travertine Pedestal Column - Sculpture Stand - Plinth - Monolith - Solid Stone Block,Width,10 Inches,Height,30 Inches,2125.00,,
travertine-pedestal-column-sculpture-stand-plinth-monolith-solid-stone,4522053872,Travertine Pedestal Column - Sculpture Stand - Plinth - Monolith - Solid Stone Block,Width,10 Inches,Height,32 Inches,2210.00,,
travertine-pedestal-column-sculpture-stand-plinth-monolith-solid-stone,4522053872,Travertine Pedestal Column - Sculpture Stand - Plinth - Monolith - Solid Stone Block,Width,10 Inches,Height,34 Inches,2295.00,,
travertine-pedestal-column-sculpture-stand-plinth-monolith-solid-stone,4522053872,Travertine Pedestal Column - Sculpture Stand - Plinth - Monolith - Solid Stone Block,Width,10 Inches,Height,36 Inches,2380.00,,
travertine-pedestal-column-sculpture-stand-plinth-monolith-solid-stone,4522053872,Travertine Pedestal Column - Sculpture Stand - Plinth - Monolith - Solid Stone Block,Width,10 Inches,Height,38 Inches,2465.00,,
travertine-pedestal-column-sculpture-stand-plinth-monolith-solid-stone,4522053872,Travertine Pedestal Column - Sculpture Stand - Plinth - Monolith - Solid Stone Block,Width,10 Inches,Height,40 Inches,2550.00,,
travertine-pedestal-column-sculpture-stand-plinth-monolith-solid-stone,4522053872,Travertine Pedestal Column - Sculpture Stand - Plinth - Monolith - Solid Stone Block,Width,12 Inches,Height,30 Inches,2380.00,,
travertine-pedestal-column-sculpture-stand-plinth-monolith-solid-stone,4522053872,Travertine Pedestal Column - Sculpture Stand - Plinth - Monolith - Solid Stone Block,Width,12 Inches,Height,32 Inches,2465.00,,
travertine-pedestal-column-sculpture-stand-plinth-monolith-solid-stone,4522053872,Travertine Pedestal Column - Sculpture Stand - Plinth - Monolith - Solid Stone Block,Width,12 Inches,Height,34 Inches,2550.00,,
travertine-pedestal-column-sculpture-stand-plinth-monolith-solid-stone,4522053872,Travertine Pedestal Column - Sculpture Stand - Plinth - Monolith - Solid Stone Block,Width,12 Inches,Height,36 Inches,2635.00,,
travertine-pedestal-column-sculpture-stand-plinth-monolith-solid-stone,4522053872,Travertine Pedestal Column - Sculpture Stand - Plinth - Monolith - Solid Stone Block,Width,12 Inches,Height,38 Inches,2720.00,,
travertine-pedestal-column-sculpture-stand-plinth-monolith-solid-stone,4522053872,Travertine Pedestal Column - Sculpture Stand - Plinth - Monolith - Solid Stone Block,Width,12 Inches,Height,40 Inches,2805.00,,
travertine-pedestal-column-sculpture-stand-plinth-monolith-solid-stone,4522053872,Travertine Pedestal Column - Sculpture Stand - Plinth - Monolith - Solid Stone Block,Width,14 Inches,Height,30 Inches,2635.00,,
travertine-pedestal-column-sculpture-stand-plinth-monolith-solid-stone,4522053872,Travertine Pedestal Column - Sculpture Stand - Plinth - Monolith - Solid Stone Block,Width,14 Inches,Height,32 Inches,2720.00,,
travertine-pedestal-column-sculpture-stand-plinth-monolith-solid-stone,4522053872,Travertine Pedestal Column - Sculpture Stand - Plinth - Monolith - Solid Stone Block,Width,14 Inches,Height,34 Inches,2805.00,,
travertine-pedestal-column-sculpture-stand-plinth-monolith-solid-stone,4522053872,Travertine Pedestal Column - Sculpture Stand - Plinth - Monolith - Solid Stone Block,Width,14 Inches,Height,36 Inches,2890.00,,
travertine-pedestal-column-sculpture-stand-plinth-monolith-solid-stone,4522053872,Travertine Pedestal Column - Sculpture Stand - Plinth - Monolith - Solid Stone Block,Width,14 Inches,Height,38 Inches,2975.00,,
travertine-pedestal-column-sculpture-stand-plinth-monolith-solid-stone,4522053872,Travertine Pedestal Column - Sculpture Stand - Plinth - Monolith - Solid Stone Block,Width,14 Inches,Height,40 Inches,3060.00,,
travertine-pedestal-column-sculpture-stand-plinth-monolith-solid-stone,1875872375,Travertine Pedestal Column - Sculpture Stand - Plinth - Monolith - Solid Stone Block,Width,8 Inches,Height,30 Inches,1870.00,,
travertine-pedestal-column-sculpture-stand-plinth-monolith-solid-stone,1875872375,Travertine Pedestal Column - Sculpture Stand - Plinth - Monolith - Solid Stone Block,Width,8 Inches,Height,32 Inches,1955.00,,
travertine-pedestal-column-sculpture-stand-plinth-monolith-solid-stone,1875872375,Travertine Pedestal Column - Sculpture Stand - Plinth - Monolith - Solid Stone Block,Width,8 Inches,Height,34 Inches,2040.00,,
travertine-pedestal-column-sculpture-stand-plinth-monolith-solid-stone,1875872375,Travertine Pedestal Column - Sculpture Stand - Plinth - Monolith - Solid Stone Block,Width,8 Inches,Height,36 Inches,2125.00,,
travertine-pedestal-column-sculpture-stand-plinth-monolith-solid-stone,1875872375,Travertine Pedestal Column - Sculpture Stand - Plinth - Monolith - Solid Stone Block,Width,8 Inches,Height,38 Inches,2210.00,,
travertine-pedestal-column-sculpture-stand-plinth-monolith-solid-stone,1875872375,Travertine Pedestal Column - Sculpture Stand - Plinth - Monolith - Solid Stone Block,Width,8 Inches,Height,40 Inches,2295.00,,
travertine-pedestal-column-sculpture-stand-plinth-monolith-solid-stone,1875872375,Travertine Pedestal Column - Sculpture Stand - Plinth - Monolith - Solid Stone Block,Width,10 Inches,Height,30 Inches,2125.00,,
travertine-pedestal-column-sculpture-stand-plinth-monolith-solid-stone,1875872375,Travertine Pedestal Column - Sculpture Stand - Plinth - Monolith - Solid Stone Block,Width,10 Inches,Height,32 Inches,2210.00,,
travertine-pedestal-column-sculpture-stand-plinth-monolith-solid-stone,1875872375,Travertine Pedestal Column - Sculpture Stand - Plinth - Monolith - Solid Stone Block,Width,10 Inches,Height,34 Inches,2295.00,,
travertine-pedestal-column-sculpture-stand-plinth-monolith-solid-stone,1875872375,Travertine Pedestal Column - Sculpture Stand - Plinth - Monolith - Solid Stone Block,Width,10 Inches,Height,36 Inches,2380.00,,
travertine-pedestal-column-sculpture-stand-plinth-monolith-solid-stone,1875872375,Travertine Pedestal Column - Sculpture Stand - Plinth - Monolith - Solid Stone Block,Width,10 Inches,Height,38 Inches,2465.00,,
travertine-pedestal-column-sculpture-stand-plinth-monolith-solid-stone,1875872375,Travertine Pedestal Column - Sculpture Stand - Plinth - Monolith - Solid Stone Block,Width,10 Inches,Height,40 Inches,2550.00,,
travertine-pedestal-column-sculpture-stand-plinth-monolith-solid-stone,1875872375,Travertine Pedestal Column - Sculpture Stand - Plinth - Monolith - Solid Stone Block,Width,12 Inches,Height,30 Inches,2380.00,,
travertine-pedestal-column-sculpture-stand-plinth-monolith-solid-stone,1875872375,Travertine Pedestal Column - Sculpture Stand - Plinth - Monolith - Solid Stone Block,Width,12 Inches,Height,32 Inches,2465.00,,
travertine-pedestal-column-sculpture-stand-plinth-monolith-solid-stone,1875872375,Travertine Pedestal Column - Sculpture Stand - Plinth - Monolith - Solid Stone Block,Width,12 Inches,Height,34 Inches,2550.00,,
travertine-pedestal-column-sculpture-stand-plinth-monolith-solid-stone,1875872375,Travertine Pedestal Column - Sculpture Stand - Plinth - Monolith - Solid Stone Block,Width,12 Inches,Height,36 Inches,2635.00,,
travertine-pedestal-column-sculpture-stand-plinth-monolith-solid-stone,1875872375,Travertine Pedestal Column - Sculpture Stand - Plinth - Monolith - Solid Stone Block,Width,12 Inches,Height,38 Inches,2720.00,,
travertine-pedestal-column-sculpture-stand-plinth-monolith-solid-stone,1875872375,Travertine Pedestal Column - Sculpture Stand - Plinth - Monolith - Solid Stone Block,Width,12 Inches,Height,40 Inches,2805.00,,
travertine-pedestal-column-sculpture-stand-plinth-monolith-solid-stone,1875872375,Travertine Pedestal Column - Sculpture Stand - Plinth - Monolith - Solid Stone Block,Width,14 Inches,Height,30 Inches,2635.00,,
travertine-pedestal-column-sculpture-stand-plinth-monolith-solid-stone,1875872375,Travertine Pedestal Column - Sculpture Stand - Plinth - Monolith - Solid Stone Block,Width,14 Inches,Height,32 Inches,2720.00,,
travertine-pedestal-column-sculpture-stand-plinth-monolith-solid-stone,1875872375,Travertine Pedestal Column - Sculpture Stand - Plinth - Monolith - Solid Stone Block,Width,14 Inches,Height,34 Inches,2805.00,,
travertine-pedestal-column-sculpture-stand-plinth-monolith-solid-stone,1875872375,Travertine Pedestal Column - Sculpture Stand - Plinth - Monolith - Solid Stone Block,Width,14 Inches,Height,36 Inches,2890.00,,
travertine-pedestal-column-sculpture-stand-plinth-monolith-solid-stone,1875872375,Travertine Pedestal Column - Sculpture Stand - Plinth - Monolith - Solid Stone Block,Width,14 Inches,Height,38 Inches,2975.00,,
travertine-pedestal-column-sculpture-stand-plinth-monolith-solid-stone,1875872375,Travertine Pedestal Column - Sculpture Stand - Plinth - Monolith - Solid Stone Block,Width,14 Inches,Height,40 Inches,3060.00,,
travertine-pedestal-column-sculpture-stand-plinth-monolith,1784401135,Travertine Pedestal Column - Sculpture Stand - Plinth Monolith,Height,20 Inches,,,348.50,,
travertine-pedestal-column-sculpture-stand-plinth-monolith,1784401135,Travertine Pedestal Column - Sculpture Stand - Plinth Monolith,Height,16 Inches,,,340.00,,
travertine-pedestal-column-sculpture-stand-plinth-monolith,1784401135,Travertine Pedestal Column - Sculpture Stand - Plinth Monolith,Height,18 Inches,,,357.00,,
travertine-pedestal-column-sculpture-stand-plinth-monolith,1784401135,Travertine Pedestal Column - Sculpture Stand - Plinth Monolith,Height,22 Inches,,,365.50,,
travertine-pedestal-column-sculpture-stand-plinth-monolith,1784401135,Travertine Pedestal Column - Sculpture Stand - Plinth Monolith,Height,24 Inches,,,391.00,,
travertine-pedestal-column-sculpture-stand-monolith-solid-stone-block,1742511683,Travertine Pedestal Column- Sculpture Stand - Monolith - Solid Stone Block,Height,10 Inches,,,297.50,,
travertine-pedestal-column-sculpture-stand-monolith-solid-stone-block,1742511683,Travertine Pedestal Column- Sculpture Stand - Monolith - Solid Stone Block,Height,12 Inches,,,339.15,,
travertine-pedestal-column-sculpture-stand-monolith-solid-stone-block,1742511683,Travertine Pedestal Column- Sculpture Stand - Monolith - Solid Stone Block,Height,14 Inches,,,382.50,,
travertine-pedestal-column-sculpture-stand-monolith-solid-stone-block,1742511683,Travertine Pedestal Column- Sculpture Stand - Monolith - Solid Stone Block,Height,20 Inches,,,493.00,,
travertine-pedestal-column-sculpture-stand-monolith-solid-stone-block,1742511683,Travertine Pedestal Column- Sculpture Stand - Monolith - Solid Stone Block,Height,16 Inches,,,424.15,,
travertine-pedestal-column-sculpture-stand-monolith-solid-stone-block,1742511683,Travertine Pedestal Column- Sculpture Stand - Monolith - Solid Stone Block,Height,18 Inches,,,459.00,,
travertine-pedestal-cylinder-solid-stone-block,1785672931,Travertine Pedestal Cylinder - Solid Stone Block,,,,,1019.99,,1785672931
travertine-solid-stone-bathtub-luxury-tub,4521986948,Travertine Solid Stone bathtub - Luxury tub,,,,,14449.15,,4521986948
travertine-stone-side-table-raw-chiseled-face-pedestal-plinth,4345387655,Travertine Stone Side Table - Raw chiseled face - Pedestal - Plinth,,,,,1104.15,,4345387655
travertine-stone-vanity-bathroom-sink-console,4343344988,Travertine Stone Vanity - Bathroom Sink Console,Width,40 Inches,,,3229.15,,
travertine-stone-vanity-bathroom-sink-console,4343344988,Travertine Stone Vanity - Bathroom Sink Console,Width,50 Inches,,,3314.15,,
travertine-stone-vanity-bathroom-sink-console,4343344988,Travertine Stone Vanity - Bathroom Sink Console,Width,60 Inches,,,3399.15,,
travertine-coasters-stone-coasters-gift-wedding,1888450201,Travertine coasters - stone coasters - Gift - Wedding,quantity,4 pcs,,,42.50,,
travertine-coasters-stone-coasters-gift-wedding,1888450201,Travertine coasters - stone coasters - Gift - Wedding,quantity,8 pcs,,,80.75,,
travertine-coasters-stone-coasters-gift-wedding,1888450201,Travertine coasters - stone coasters - Gift - Wedding,quantity,12 pcs,,,119.00,,
travertine-coasters-stone-coasters-gift-wedding,1888450201,Travertine coasters - stone coasters - Gift - Wedding,quantity,24 pcs,,,233.75,,
travertine-coasters-stone-coasters-gift-wedding,1888450201,Travertine coasters - stone coasters - Gift - Wedding,quantity,48 pcs,,,425.00,,
travertine-coffee-table-natural-stone-table,4518397100,Travertine coffee table - Natural Stone Table,Width,40 Inches,,,3986.50,,
travertine-coffee-table-natural-stone-table,4518397100,Travertine coffee table - Natural Stone Table,Width,50 Inches,,,4071.50,,
travertine-coffee-table-natural-stone-table,4518397100,Travertine coffee table - Natural Stone Table,Width,60 Inches,,,4156.50,,
travertine-coffee-table-natural-stone-table,4334483265,Travertine coffee table - Natural Stone Table,Width,50 Inches,,,3731.50,,
travertine-coffee-table-natural-stone-table,4334483265,Travertine coffee table - Natural Stone Table,Width,60 Inches,,,3816.50,,
travertine-coffee-table-natural-stone-table,4334316248,Travertine coffee table - Natural Stone Table,Width,40 Inches,Height,11 Inches,3986.50,,
travertine-coffee-table-natural-stone-table,4334316248,Travertine coffee table - Natural Stone Table,Width,40 Inches,Height,12 Inches,3986.50,,
travertine-coffee-table-natural-stone-table,4334316248,Travertine coffee table - Natural Stone Table,Width,40 Inches,Height,13 Inches,3986.50,,
travertine-coffee-table-natural-stone-table,4334316248,Travertine coffee table - Natural Stone Table,Width,50 Inches,Height,11 Inches,4071.50,,
travertine-coffee-table-natural-stone-table,4334316248,Travertine coffee table - Natural Stone Table,Width,50 Inches,Height,12 Inches,4071.50,,
travertine-coffee-table-natural-stone-table,4334316248,Travertine coffee table - Natural Stone Table,Width,50 Inches,Height,13 Inches,4071.50,,
travertine-coffee-table-natural-stone-table,4334316248,Travertine coffee table - Natural Stone Table,Width,60 Inches,Height,11 Inches,4156.50,,
travertine-coffee-table-natural-stone-table,4334316248,Travertine coffee table - Natural Stone Table,Width,60 Inches,Height,12 Inches,4156.50,,
travertine-coffee-table-natural-stone-table,4334316248,Travertine coffee table - Natural Stone Table,Width,60 Inches,Height,13 Inches,4156.50,,
travertine-fountain-column-sculpture-stand-plinth-monolith-solid-stone,4525322505,Travertine fountain Column - Sculpture Stand - Plinth - Monolith - Solid Stone Block,Color,White,Height,40 Inches,1359.15,,
travertine-fountain-column-sculpture-stand-plinth-monolith-solid-stone,4525322505,Travertine fountain Column - Sculpture Stand - Plinth - Monolith - Solid Stone Block,Color,White,Height,24 Inches,764.15,,
travertine-fountain-column-sculpture-stand-plinth-monolith-solid-stone,4525322505,Travertine fountain Column - Sculpture Stand - Plinth - Monolith - Solid Stone Block,Color,White,Height,26 Inches,849.15,,
travertine-fountain-column-sculpture-stand-plinth-monolith-solid-stone,4525322505,Travertine fountain Column - Sculpture Stand - Plinth - Monolith - Solid Stone Block,Color,White,Height,28 Inches,934.15,,
travertine-fountain-column-sculpture-stand-plinth-monolith-solid-stone,4525322505,Travertine fountain Column - Sculpture Stand - Plinth - Monolith - Solid Stone Block,Color,White,Height,30 Inches,1019.15,,
travertine-fountain-column-sculpture-stand-plinth-monolith-solid-stone,4525322505,Travertine fountain Column - Sculpture Stand - Plinth - Monolith - Solid Stone Block,Color,White,Height,32 Inches,1104.15,,
travertine-fountain-column-sculpture-stand-plinth-monolith-solid-stone,4525322505,Travertine fountain Column - Sculpture Stand - Plinth - Monolith - Solid Stone Block,Color,White,Height,34 Inches,1189.15,,
travertine-fountain-column-sculpture-stand-plinth-monolith-solid-stone,4525322505,Travertine fountain Column - Sculpture Stand - Plinth - Monolith - Solid Stone Block,Color,White,Height,36 Inches,1274.15,,
travertine-fountain-column-sculpture-stand-plinth-monolith-solid-stone,4525322505,Travertine fountain Column - Sculpture Stand - Plinth - Monolith - Solid Stone Block,Color,White,Height,38 Inches,1359.15,,
travertine-fountain-column-sculpture-stand-plinth-monolith-solid-stone,4525322505,Travertine fountain Column - Sculpture Stand - Plinth - Monolith - Solid Stone Block,Color,White,Height,42 Inches,1529.15,,
travertine-fountain-column-sculpture-stand-plinth-monolith-solid-stone,4525322505,Travertine fountain Column - Sculpture Stand - Plinth - Monolith - Solid Stone Block,Color,White,Height,44 Inches,1614.15,,
travertine-fountain-column-sculpture-stand-plinth-monolith-solid-stone,4525322505,Travertine fountain Column - Sculpture Stand - Plinth - Monolith - Solid Stone Block,Color,Red,Height,40 Inches,1359.15,,
travertine-fountain-column-sculpture-stand-plinth-monolith-solid-stone,4525322505,Travertine fountain Column - Sculpture Stand - Plinth - Monolith - Solid Stone Block,Color,Red,Height,24 Inches,764.15,,
travertine-fountain-column-sculpture-stand-plinth-monolith-solid-stone,4525322505,Travertine fountain Column - Sculpture Stand - Plinth - Monolith - Solid Stone Block,Color,Red,Height,26 Inches,849.15,,
travertine-fountain-column-sculpture-stand-plinth-monolith-solid-stone,4525322505,Travertine fountain Column - Sculpture Stand - Plinth - Monolith - Solid Stone Block,Color,Red,Height,28 Inches,934.15,,
travertine-fountain-column-sculpture-stand-plinth-monolith-solid-stone,4525322505,Travertine fountain Column - Sculpture Stand - Plinth - Monolith - Solid Stone Block,Color,Red,Height,30 Inches,1019.15,,
travertine-fountain-column-sculpture-stand-plinth-monolith-solid-stone,4525322505,Travertine fountain Column - Sculpture Stand - Plinth - Monolith - Solid Stone Block,Color,Red,Height,32 Inches,1104.15,,
travertine-fountain-column-sculpture-stand-plinth-monolith-solid-stone,4525322505,Travertine fountain Column - Sculpture Stand - Plinth - Monolith - Solid Stone Block,Color,Red,Height,34 Inches,1189.15,,
travertine-fountain-column-sculpture-stand-plinth-monolith-solid-stone,4525322505,Travertine fountain Column - Sculpture Stand - Plinth - Monolith - Solid Stone Block,Color,Red,Height,36 Inches,1274.15,,
travertine-fountain-column-sculpture-stand-plinth-monolith-solid-stone,4525322505,Travertine fountain Column - Sculpture Stand - Plinth - Monolith - Solid Stone Block,Color,Red,Height,38 Inches,1359.15,,
travertine-fountain-column-sculpture-stand-plinth-monolith-solid-stone,4525322505,Travertine fountain Column - Sculpture Stand - Plinth - Monolith - Solid Stone Block,Color,Red,Height,42 Inches,1529.15,,
travertine-fountain-column-sculpture-stand-plinth-monolith-solid-stone,4525322505,Travertine fountain Column - Sculpture Stand - Plinth - Monolith - Solid Stone Block,Color,Red,Height,44 Inches,1614.15,,
travertine-fountain-column-sculpture-stand-plinth-monolith-solid-stone,4525322505,Travertine fountain Column - Sculpture Stand - Plinth - Monolith - Solid Stone Block,Color,Cream Brown Grey,Height,40 Inches,1359.15,,
travertine-fountain-column-sculpture-stand-plinth-monolith-solid-stone,4525322505,Travertine fountain Column - Sculpture Stand - Plinth - Monolith - Solid Stone Block,Color,Cream Brown Grey,Height,24 Inches,764.15,,
travertine-fountain-column-sculpture-stand-plinth-monolith-solid-stone,4525322505,Travertine fountain Column - Sculpture Stand - Plinth - Monolith - Solid Stone Block,Color,Cream Brown Grey,Height,26 Inches,849.15,,
travertine-fountain-column-sculpture-stand-plinth-monolith-solid-stone,4525322505,Travertine fountain Column - Sculpture Stand - Plinth - Monolith - Solid Stone Block,Color,Cream Brown Grey,Height,28 Inches,934.15,,
travertine-fountain-column-sculpture-stand-plinth-monolith-solid-stone,4525322505,Travertine fountain Column - Sculpture Stand - Plinth - Monolith - Solid Stone Block,Color,Cream Brown Grey,Height,30 Inches,1019.15,,
travertine-fountain-column-sculpture-stand-plinth-monolith-solid-stone,4525322505,Travertine fountain Column - Sculpture Stand - Plinth - Monolith - Solid Stone Block,Color,Cream Brown Grey,Height,32 Inches,1104.15,,
travertine-fountain-column-sculpture-stand-plinth-monolith-solid-stone,4525322505,Travertine fountain Column - Sculpture Stand - Plinth - Monolith - Solid Stone Block,Color,Cream Brown Grey,Height,34 Inches,1189.15,,
travertine-fountain-column-sculpture-stand-plinth-monolith-solid-stone,4525322505,Travertine fountain Column - Sculpture Stand - Plinth - Monolith - Solid Stone Block,Color,Cream Brown Grey,Height,36 Inches,1274.15,,
travertine-fountain-column-sculpture-stand-plinth-monolith-solid-stone,4525322505,Travertine fountain Column - Sculpture Stand - Plinth - Monolith - Solid Stone Block,Color,Cream Brown Grey,Height,38 Inches,1359.15,,
travertine-fountain-column-sculpture-stand-plinth-monolith-solid-stone,4525322505,Travertine fountain Column - Sculpture Stand - Plinth - Monolith - Solid Stone Block,Color,Cream Brown Grey,Height,42 Inches,1529.15,,
travertine-fountain-column-sculpture-stand-plinth-monolith-solid-stone,4525322505,Travertine fountain Column - Sculpture Stand - Plinth - Monolith - Solid Stone Block,Color,Cream Brown Grey,Height,44 Inches,1614.15,,
travertine-fountain-column-sculpture-stand-plinth-monolith-solid-stone,4525322505,Travertine fountain Column - Sculpture Stand - Plinth - Monolith - Solid Stone Block,Color,Ivory,Height,40 Inches,1359.15,,
travertine-fountain-column-sculpture-stand-plinth-monolith-solid-stone,4525322505,Travertine fountain Column - Sculpture Stand - Plinth - Monolith - Solid Stone Block,Color,Ivory,Height,24 Inches,764.15,,
travertine-fountain-column-sculpture-stand-plinth-monolith-solid-stone,4525322505,Travertine fountain Column - Sculpture Stand - Plinth - Monolith - Solid Stone Block,Color,Ivory,Height,26 Inches,849.15,,
travertine-fountain-column-sculpture-stand-plinth-monolith-solid-stone,4525322505,Travertine fountain Column - Sculpture Stand - Plinth - Monolith - Solid Stone Block,Color,Ivory,Height,28 Inches,934.15,,
travertine-fountain-column-sculpture-stand-plinth-monolith-solid-stone,4525322505,Travertine fountain Column - Sculpture Stand - Plinth - Monolith - Solid Stone Block,Color,Ivory,Height,30 Inches,1019.15,,
travertine-fountain-column-sculpture-stand-plinth-monolith-solid-stone,4525322505,Travertine fountain Column - Sculpture Stand - Plinth - Monolith - Solid Stone Block,Color,Ivory,Height,32 Inches,1104.15,,
travertine-fountain-column-sculpture-stand-plinth-monolith-solid-stone,4525322505,Travertine fountain Column - Sculpture Stand - Plinth - Monolith - Solid Stone Block,Color,Ivory,Height,34 Inches,1189.15,,
travertine-fountain-column-sculpture-stand-plinth-monolith-solid-stone,4525322505,Travertine fountain Column - Sculpture Stand - Plinth - Monolith - Solid Stone Block,Color,Ivory,Height,36 Inches,1274.15,,
travertine-fountain-column-sculpture-stand-plinth-monolith-solid-stone,4525322505,Travertine fountain Column - Sculpture Stand - Plinth - Monolith - Solid Stone Block,Color,Ivory,Height,38 Inches,1359.15,,
travertine-fountain-column-sculpture-stand-plinth-monolith-solid-stone,4525322505,Travertine fountain Column - Sculpture Stand - Plinth - Monolith - Solid Stone Block,Color,Ivory,Height,42 Inches,1529.15,,
travertine-fountain-column-sculpture-stand-plinth-monolith-solid-stone,4525322505,Travertine fountain Column - Sculpture Stand - Plinth - Monolith - Solid Stone Block,Color,Ivory,Height,44 Inches,1614.15,,
travertine-heavy-duty-bookend-set-bookshelf-organization-bookstop-gift,1678534633,Travertine heavy duty bookend Set - Bookshelf Organization - Bookstop - Gift - Display,,,,,466.65,,1678534633
travertine-monolith-fountain-with-split-face-water-element-feature-gif,1858172570,Travertine monolith fountain with split face -Water Element Feature- GIFT,Height,16 Inches,,,510.00,,
travertine-monolith-fountain-with-split-face-water-element-feature-gif,1858172570,Travertine monolith fountain with split face -Water Element Feature- GIFT,Height,18 Inches,,,531.25,,
travertine-monolith-fountain-with-split-face-water-element-feature-gif,1858172570,Travertine monolith fountain with split face -Water Element Feature- GIFT,Height,20 Inches,,,552.50,,
travertine-monolith-fountain-with-split-face-water-element-feature-gif,1858172570,Travertine monolith fountain with split face -Water Element Feature- GIFT,Height,22 Inches,,,573.75,,
travertine-monolith-fountain-with-split-face-water-element-feature-gif,1858172570,Travertine monolith fountain with split face -Water Element Feature- GIFT,Height,24 Inches,,,595.00,,
travertine-monolith-fountain-with-split-face-water-element-feature-gif,1858172570,Travertine monolith fountain with split face -Water Element Feature- GIFT,Height,26 Inches,,,616.25,,
travertine-stone-console-desk-with-chiseled-raw-edge-desk-bureau-works,4522990542,Travertine stone console Desk with Chiseled Raw Edge - Desk  - Bureau - Workstation - table,,,,,10115.00,,4522990542
travertine-stone-console-table-desk-tv-stand,4483205379,Travertine stone console table - Desk - TV Stand,Width,40 Inches,face finish,Straight,3059.15,,
travertine-stone-console-table-desk-tv-stand,4483205379,Travertine stone console table - Desk - TV Stand,Width,40 Inches,face finish,Chiseled,3229.15,,
travertine-stone-console-table-desk-tv-stand,4483205379,Travertine stone console table - Desk - TV Stand,Width,50 Inches,face finish,Straight,3399.91,,
travertine-stone-console-table-desk-tv-stand,4483205379,Travertine stone console table - Desk - TV Stand,Width,50 Inches,face finish,Chiseled,3654.15,,
travertine-stone-console-table-desk-tv-stand,4483205379,Travertine stone console table - Desk - TV Stand,Width,60 Inches,face finish,Straight,3824.15,,
travertine-stone-console-table-desk-tv-stand,4483205379,Travertine stone console table - Desk - TV Stand,Width,60 Inches,face finish,Chiseled,4079.15,,
travertine-stone-console-table-desk-tv-stand,4483205379,Travertine stone console table - Desk - TV Stand,Width,70 Inches,face finish,Straight,4164.15,,
travertine-stone-console-table-desk-tv-stand,4483205379,Travertine stone console table - Desk - TV Stand,Width,70 Inches,face finish,Chiseled,4419.15,,
travertine-stone-console-table-with-chiseled-raw-edge-desk-tv-stand,4347429485,Travertine stone console table with Chiseled Raw Edge - Desk - TV Stand,Width,40 Inches,,,3391.50,,
travertine-stone-console-table-with-chiseled-raw-edge-desk-tv-stand,4347429485,Travertine stone console table with Chiseled Raw Edge - Desk - TV Stand,Width,50 Inches,,,3484.15,,
travertine-stone-console-table-with-chiseled-raw-edge-desk-tv-stand,4347429485,Travertine stone console table with Chiseled Raw Edge - Desk - TV Stand,Width,60 Inches,,,3569.15,,
travertine-stone-console-table-with-chiseled-raw-edge-desk-tv-stand,4347429485,Travertine stone console table with Chiseled Raw Edge - Desk - TV Stand,Width,70 Inches,,,3739.15,,
travertine-stone-console-table-with-chiseled-raw-edge-desk-tv-stand,4513989337,Travertine stone console table with Chiseled Raw Edge - Desk - TV Stand,Width,40 Inches,,,4241.50,,
travertine-stone-console-table-with-chiseled-raw-edge-desk-tv-stand,4513989337,Travertine stone console table with Chiseled Raw Edge - Desk - TV Stand,Width,50 Inches,,,4334.15,,
travertine-stone-console-table-with-chiseled-raw-edge-desk-tv-stand,4513989337,Travertine stone console table with Chiseled Raw Edge - Desk - TV Stand,Width,60 Inches,,,4419.15,,
travertine-stone-console-table-with-chiseled-raw-edge-desk-tv-stand,4513989337,Travertine stone console table with Chiseled Raw Edge - Desk - TV Stand,Width,70 Inches,,,4674.15,,
travertine-stone-console-table-with-chiseled-raw-edge-top-desk-tv-stan,4373319217,Travertine stone console table with Chiseled Raw Edge Top - Desk - TV Stand,Width,50 Inches,,,3399.15,,
travertine-stone-console-table-with-chiseled-raw-edge-top-desk-tv-stan,4373319217,Travertine stone console table with Chiseled Raw Edge Top - Desk - TV Stand,Width,60 Inches,,,3569.15,,
travertine-stone-console-table-with-straight-mittered-edge-desk,4338953870,Travertine stone console table with straight mittered Edge - Desk,Width,40 Inches,Color,Linen Beige,3229.15,,
travertine-stone-console-table-with-straight-mittered-edge-desk,4338953870,Travertine stone console table with straight mittered Edge - Desk,Width,40 Inches,Color,Cream,3229.15,,
travertine-stone-console-table-with-straight-mittered-edge-desk,4338953870,Travertine stone console table with straight mittered Edge - Desk,Width,40 Inches,Color,Frost & pink,3229.15,,
travertine-stone-console-table-with-straight-mittered-edge-desk,4338953870,Travertine stone console table with straight mittered Edge - Desk,Width,50 Inches,Color,Linen Beige,3314.15,,
travertine-stone-console-table-with-straight-mittered-edge-desk,4338953870,Travertine stone console table with straight mittered Edge - Desk,Width,50 Inches,Color,Cream,3314.15,,
travertine-stone-console-table-with-straight-mittered-edge-desk,4338953870,Travertine stone console table with straight mittered Edge - Desk,Width,50 Inches,Color,Frost & pink,3314.15,,
travertine-stone-console-table-with-straight-mittered-edge-desk,4338953870,Travertine stone console table with straight mittered Edge - Desk,Width,60 Inches,Color,Linen Beige,3399.15,,
travertine-stone-console-table-with-straight-mittered-edge-desk,4338953870,Travertine stone console table with straight mittered Edge - Desk,Width,60 Inches,Color,Cream,3399.15,,
travertine-stone-console-table-with-straight-mittered-edge-desk,4338953870,Travertine stone console table with straight mittered Edge - Desk,Width,60 Inches,Color,Frost & pink,3399.15,,
travertine-stone-side-table-with-chiseled-raw-edge-pedestal,4521533501,Travertine stone side table with Chiseled Raw Edge - Pedestal,Height,20 Inches,,,1699.15,,
travertine-stone-side-table-with-chiseled-raw-edge-pedestal,4521533501,Travertine stone side table with Chiseled Raw Edge - Pedestal,Height,22 Inches,,,1741.65,,
travertine-stone-side-table-with-chiseled-raw-edge-pedestal,4521533501,Travertine stone side table with Chiseled Raw Edge - Pedestal,Height,24 Inches,,,1784.15,,
travertine-stone-side-table-with-chiseled-raw-edge-pedestal,4521533501,Travertine stone side table with Chiseled Raw Edge - Pedestal,Height,26 Inches,,,1826.65,,
travertine-stone-side-table-with-chiseled-raw-edge-pedestal,4306519666,Travertine stone side table with Chiseled Raw Edge - Pedestal,Height,20 Inches,,,1274.15,,
travertine-stone-side-table-with-chiseled-raw-edge-pedestal,4306519666,Travertine stone side table with Chiseled Raw Edge - Pedestal,Height,22 Inches,,,1316.65,,
travertine-stone-side-table-with-chiseled-raw-edge-pedestal,4306519666,Travertine stone side table with Chiseled Raw Edge - Pedestal,Height,24 Inches,,,1359.15,,
travertine-stone-side-table-with-chiseled-raw-edge-pedestal,4306519666,Travertine stone side table with Chiseled Raw Edge - Pedestal,Height,26 Inches,,,1401.65,,
,1465640657,Universal Mounting Plates,Item,Starter Kit,,,87.50,,
,1465640657,Universal Mounting Plates,Item,Pair of Universal Mounting Plates,,,28.28,,
,1465640657,Universal Mounting Plates,Item,Mounting Plate Router Template (Clear Acrylic),,,30.05,,
,1465640657,Universal Mounting Plates,Item,M5 Hardware Kit (16 inserts + 16 bolts),,,19.09,,
,1465640657,Universal Mounting Plates,Item,M6 Hardware Kit (16 inserts + 16 bolts),,,19.66,,
utah-green-accent-stone-boulder-this-pieces-is-beautifull-and-weight-i,4298534985,Utah green accent stone boulder.  This pieces is beautifull and weight is 25lb. Gift,,,,,305.15,,4298534985
volcanic-cinder-round-cabinet-knob-door-pull,1824415670,Volcanic Cinder Round Cabinet Knob - Door Pull,,,,,38.25,,1824415670
wabi-sabi-lava-stone-hook,1498835082,Wabi sabi lava stone hook,,,,,85.00,,1498835082
white-marble-monolith-fountain-with-rough-face-water-element-feature-g,1855285004,White Marble monolith fountain with rough face - Water Element Feature - GIFT,Finish,Flat top,Height,16 Inches,551.65,,
white-marble-monolith-fountain-with-rough-face-water-element-feature-g,1855285004,White Marble monolith fountain with rough face - Water Element Feature - GIFT,Finish,Flat top,Height,18 Inches,594.15,,
white-marble-monolith-fountain-with-rough-face-water-element-feature-g,1855285004,White Marble monolith fountain with rough face - Water Element Feature - GIFT,Finish,Flat top,Height,20 Inches,636.65,,
white-marble-monolith-fountain-with-rough-face-water-element-feature-g,1855285004,White Marble monolith fountain with rough face - Water Element Feature - GIFT,Finish,Flat top,Height,22 Inches,662.15,,
white-marble-monolith-fountain-with-rough-face-water-element-feature-g,1855285004,White Marble monolith fountain with rough face - Water Element Feature - GIFT,Finish,Flat top,Height,24 Inches,679.15,,
white-marble-monolith-fountain-with-rough-face-water-element-feature-g,1855285004,White Marble monolith fountain with rough face - Water Element Feature - GIFT,Finish,Flat top,Height,26 Inches,721.65,,
white-marble-monolith-fountain-with-rough-face-water-element-feature-g,1855285004,White Marble monolith fountain with rough face - Water Element Feature - GIFT,Finish,Flat top,Height,28 Inches,764.15,,
white-marble-monolith-fountain-with-rough-face-water-element-feature-g,1855285004,White Marble monolith fountain with rough face - Water Element Feature - GIFT,Finish,Flat top,Height,30 Inches,849.15,,
white-marble-monolith-fountain-with-rough-face-water-element-feature-g,1855285004,White Marble monolith fountain with rough face - Water Element Feature - GIFT,Finish,Flat top,Height,32 Inches,934.15,,
white-marble-monolith-fountain-with-rough-face-water-element-feature-g,1855285004,White Marble monolith fountain with rough face - Water Element Feature - GIFT,Finish,Flat top,Height,34 Inches,1019.15,,
white-marble-monolith-fountain-with-rough-face-water-element-feature-g,1855285004,White Marble monolith fountain with rough face - Water Element Feature - GIFT,Finish,Flat top,Height,36 Inches,1104.15,,
white-marble-monolith-fountain-with-rough-face-water-element-feature-g,1855285004,White Marble monolith fountain with rough face - Water Element Feature - GIFT,Finish,Flat top,Height,38 Inches,1189.15,,
white-marble-monolith-fountain-with-rough-face-water-element-feature-g,1855285004,White Marble monolith fountain with rough face - Water Element Feature - GIFT,Finish,Flat top,Height,40 Inches,1274.15,,
white-marble-monolith-fountain-with-rough-face-water-element-feature-g,1855285004,White Marble monolith fountain with rough face - Water Element Feature - GIFT,Finish,Chisled top,Height,16 Inches,551.65,,
white-marble-monolith-fountain-with-rough-face-water-element-feature-g,1855285004,White Marble monolith fountain with rough face - Water Element Feature - GIFT,Finish,Chisled top,Height,18 Inches,594.15,,
white-marble-monolith-fountain-with-rough-face-water-element-feature-g,1855285004,White Marble monolith fountain with rough face - Water Element Feature - GIFT,Finish,Chisled top,Height,20 Inches,636.65,,
white-marble-monolith-fountain-with-rough-face-water-element-feature-g,1855285004,White Marble monolith fountain with rough face - Water Element Feature - GIFT,Finish,Chisled top,Height,22 Inches,662.15,,
white-marble-monolith-fountain-with-rough-face-water-element-feature-g,1855285004,White Marble monolith fountain with rough face - Water Element Feature - GIFT,Finish,Chisled top,Height,24 Inches,679.15,,
white-marble-monolith-fountain-with-rough-face-water-element-feature-g,1855285004,White Marble monolith fountain with rough face - Water Element Feature - GIFT,Finish,Chisled top,Height,26 Inches,721.65,,
white-marble-monolith-fountain-with-rough-face-water-element-feature-g,1855285004,White Marble monolith fountain with rough face - Water Element Feature - GIFT,Finish,Chisled top,Height,28 Inches,764.15,,
white-marble-monolith-fountain-with-rough-face-water-element-feature-g,1855285004,White Marble monolith fountain with rough face - Water Element Feature - GIFT,Finish,Chisled top,Height,30 Inches,849.15,,
white-marble-monolith-fountain-with-rough-face-water-element-feature-g,1855285004,White Marble monolith fountain with rough face - Water Element Feature - GIFT,Finish,Chisled top,Height,32 Inches,934.15,,
white-marble-monolith-fountain-with-rough-face-water-element-feature-g,1855285004,White Marble monolith fountain with rough face - Water Element Feature - GIFT,Finish,Chisled top,Height,34 Inches,1019.15,,
white-marble-monolith-fountain-with-rough-face-water-element-feature-g,1855285004,White Marble monolith fountain with rough face - Water Element Feature - GIFT,Finish,Chisled top,Height,36 Inches,1104.15,,
white-marble-monolith-fountain-with-rough-face-water-element-feature-g,1855285004,White Marble monolith fountain with rough face - Water Element Feature - GIFT,Finish,Chisled top,Height,38 Inches,1189.15,,
white-marble-monolith-fountain-with-rough-face-water-element-feature-g,1855285004,White Marble monolith fountain with rough face - Water Element Feature - GIFT,Finish,Chisled top,Height,40 Inches,1274.15,,
white-marble-pedestal-column-plinth-monolith,1895863351,White Marble pedestal column - plinth - monolith,Height,30 Inches,,,722.50,,
white-marble-pedestal-column-plinth-monolith,1895863351,White Marble pedestal column - plinth - monolith,Height,32 Inches,,,764.15,,
white-marble-pedestal-column-plinth-monolith,1895863351,White Marble pedestal column - plinth - monolith,Height,34 Inches,,,807.50,,
white-marble-pedestal-column-plinth-monolith,1895863351,White Marble pedestal column - plinth - monolith,Height,36 Inches,,,849.15,,
white-marble-pedestal-column-plinth-monolith,1895863351,White Marble pedestal column - plinth - monolith,Height,38 Inches,,,934.15,,
white-marble-pedestal-column-plinth-monolith,1895863351,White Marble pedestal column - plinth - monolith,Height,26 Inches,,,637.50,,
white-marble-pedestal-column-plinth-monolith,1895863351,White Marble pedestal column - plinth - monolith,Height,27 Inches,,,658.75,,
white-marble-pedestal-column-plinth-monolith,1895863351,White Marble pedestal column - plinth - monolith,Height,28 Inches,,,679.15,,
white-marble-pedestal-column-plinth-monolith,1895863351,White Marble pedestal column - plinth - monolith,Height,20 Inches,,,348.50,,
white-marble-pedestal-column-plinth-monolith,1895863351,White Marble pedestal column - plinth - monolith,Height,16 Inches,,,424.15,,
white-marble-pedestal-column-plinth-monolith,1895863351,White Marble pedestal column - plinth - monolith,Height,18 Inches,,,509.15,,
white-marble-pedestal-column-plinth-monolith,1895863351,White Marble pedestal column - plinth - monolith,Height,22 Inches,,,552.50,,
white-marble-pedestal-column-plinth-monolith,1895863351,White Marble pedestal column - plinth - monolith,Height,24 Inches,,,594.15,,
white-marble-floating-shelf-with-chiseled-edges-sandblast-finish-natur,4384111780,White marble floating shelf with chiseled edges - Sandblast finish - natural stone shleves,Width,22 Inches,Depth,6 Inches,544.00,,
white-marble-floating-shelf-with-chiseled-edges-sandblast-finish-natur,4384111780,White marble floating shelf with chiseled edges - Sandblast finish - natural stone shleves,Width,22 Inches,Depth,8 Inches,569.50,,
white-marble-floating-shelf-with-chiseled-edges-sandblast-finish-natur,4384111780,White marble floating shelf with chiseled edges - Sandblast finish - natural stone shleves,Width,22 Inches,Depth,10 Inches,578.00,,
white-marble-floating-shelf-with-chiseled-edges-sandblast-finish-natur,4384111780,White marble floating shelf with chiseled edges - Sandblast finish - natural stone shleves,Width,24 Inches,Depth,6 Inches,552.50,,
white-marble-floating-shelf-with-chiseled-edges-sandblast-finish-natur,4384111780,White marble floating shelf with chiseled edges - Sandblast finish - natural stone shleves,Width,24 Inches,Depth,8 Inches,578.00,,
white-marble-floating-shelf-with-chiseled-edges-sandblast-finish-natur,4384111780,White marble floating shelf with chiseled edges - Sandblast finish - natural stone shleves,Width,24 Inches,Depth,10 Inches,586.50,,
wood-pedestal-column-wood-plinth-monolith-sculpture-stand-gift,4310273271,Wood Pedestal Column - Wood Plinth - Monolith - Sculpture Stand - Gift,Height,16 Inches,,,424.15,,
wood-pedestal-column-wood-plinth-monolith-sculpture-stand-gift,4310273271,Wood Pedestal Column - Wood Plinth - Monolith - Sculpture Stand - Gift,Height,18 Inches,,,475.15,,
wood-pedestal-column-wood-plinth-monolith-sculpture-stand-gift,4310273271,Wood Pedestal Column - Wood Plinth - Monolith - Sculpture Stand - Gift,Height,20 Inches,,,509.15,,
wood-pedestal-column-wood-plinth-monolith-sculpture-stand-gift,4310273271,Wood Pedestal Column - Wood Plinth - Monolith - Sculpture Stand - Gift,Height,22 Inches,,,594.15,,
wood-pedestal-column-wood-plinth-monolith-sculpture-stand-gift,4310273271,Wood Pedestal Column - Wood Plinth - Monolith - Sculpture Stand - Gift,Height,24 Inches,,,679.15,,
wood-pedestal-column-wood-plinth-monolith-sculpture-stand-gift,4310273271,Wood Pedestal Column - Wood Plinth - Monolith - Sculpture Stand - Gift,Height,26 Inches,,,764.15,,
wood-pedestal-column-wood-plinth-monolith-sculpture-stand-gift,4310273271,Wood Pedestal Column - Wood Plinth - Monolith - Sculpture Stand - Gift,Height,28 Inches,,,849.15,,
wood-pedestal-column-wood-plinth-monolith-sculpture-stand-gift,4310273271,Wood Pedestal Column - Wood Plinth - Monolith - Sculpture Stand - Gift,Height,30 Inches,,,934.15,,
wood-pedestal-column-wood-plinth-monolith-sculpture-stand-gift,4310273271,Wood Pedestal Column - Wood Plinth - Monolith - Sculpture Stand - Gift,Height,32 Inches,,,1019.15,,
wood-pedestal-column-wood-plinth-monolith-sculpture-stand-gift,4310273271,Wood Pedestal Column - Wood Plinth - Monolith - Sculpture Stand - Gift,Height,34 Inches,,,1104.15,,
wood-pedestal-column-wood-plinth-monolith-sculpture-stand-gift,4310273271,Wood Pedestal Column - Wood Plinth - Monolith - Sculpture Stand - Gift,Height,36 Inches,,,1189.15,,
wood-pedestal-column-wood-plinth-monolith-sculpture-stand-gift,4310273271,Wood Pedestal Column - Wood Plinth - Monolith - Sculpture Stand - Gift,Height,38 Inches,,,1274.15,,
wood-pedestal-column-wood-plinth-monolith-sculpture-stand-gift,4310273271,Wood Pedestal Column - Wood Plinth - Monolith - Sculpture Stand - Gift,Height,40 Inches,,,1359.15,,
wood-pedestal-column-wood-plinth-monolith-sculpture-stand-gift,4310273271,Wood Pedestal Column - Wood Plinth - Monolith - Sculpture Stand - Gift,Height,42 Inches,,,1410.15,,
travertine-floating-shelves-custom-natural-travertine-chiseled-shelf,1783609272,"travertine floating shelves, custom natural travertine chiseled Shelf",Width,22 Inches,Depth,10 Inches,382.50,,
travertine-floating-shelves-custom-natural-travertine-chiseled-shelf,1783609272,"travertine floating shelves, custom natural travertine chiseled Shelf",Width,22 Inches,Depth,9 Inches,361.25,,
travertine-floating-shelves-custom-natural-travertine-chiseled-shelf,1783609272,"travertine floating shelves, custom natural travertine chiseled Shelf",Width,22 Inches,Depth,8 Inches,344.25,,
travertine-floating-shelves-custom-natural-travertine-chiseled-shelf,1783609272,"travertine floating shelves, custom natural travertine chiseled Shelf",Width,22 Inches,Depth,7 Inches,331.50,,
travertine-floating-shelves-custom-natural-travertine-chiseled-shelf,1783609272,"travertine floating shelves, custom natural travertine chiseled Shelf",Width,22 Inches,Depth,6 Inches,314.50,,
travertine-floating-shelves-custom-natural-travertine-chiseled-shelf,1783609272,"travertine floating shelves, custom natural travertine chiseled Shelf",Width,24 Inches,Depth,10 Inches,386.75,,
travertine-floating-shelves-custom-natural-travertine-chiseled-shelf,1783609272,"travertine floating shelves, custom natural travertine chiseled Shelf",Width,24 Inches,Depth,9 Inches,365.50,,
travertine-floating-shelves-custom-natural-travertine-chiseled-shelf,1783609272,"travertine floating shelves, custom natural travertine chiseled Shelf",Width,24 Inches,Depth,8 Inches,344.25,,
travertine-floating-shelves-custom-natural-travertine-chiseled-shelf,1783609272,"travertine floating shelves, custom natural travertine chiseled Shelf",Width,24 Inches,Depth,7 Inches,331.50,,
travertine-floating-shelves-custom-natural-travertine-chiseled-shelf,1783609272,"travertine floating shelves, custom natural travertine chiseled Shelf",Width,24 Inches,Depth,6 Inches,318.75,,
travertine-soap-stone,1852410787,travertine soap stone,,,,,51.00,,1852410787
